-- phpMyAdmin SQL Dump
-- version 5.2.1
-- https://www.phpmyadmin.net/
--
-- Hôte : 127.0.0.1
-- Généré le : dim. 10 déc. 2023 à 18:56
-- Version du serveur : 10.4.17-MariaDB
-- Version de PHP : 8.0.2

SET SQL_MODE = "NO_AUTO_VALUE_ON_ZERO";
START TRANSACTION;
SET time_zone = "+00:00";


/*!40101 SET @OLD_CHARACTER_SET_CLIENT=@@CHARACTER_SET_CLIENT */;
/*!40101 SET @OLD_CHARACTER_SET_RESULTS=@@CHARACTER_SET_RESULTS */;
/*!40101 SET @OLD_COLLATION_CONNECTION=@@COLLATION_CONNECTION */;
/*!40101 SET NAMES utf8mb4 */;

--
-- Base de données : `pokemongang`
--

-- --------------------------------------------------------

--
-- Structure de la table `items`
--

CREATE TABLE `items` (
  `id` int(11) NOT NULL,
  `name` varchar(25) NOT NULL,
  `type` tinyint(4) NOT NULL,
  `description` varchar(255) DEFAULT NULL,
  `spritesheet` smallint(6) NOT NULL
) ENGINE=InnoDB DEFAULT CHARSET=utf8mb4;

--
-- Déchargement des données de la table `items`
--

INSERT INTO `items` (`id`, `name`, `type`, `description`, `spritesheet`) VALUES
(1, 'Master Ball', 1, 'The best Ball with the ultimate level of performance. It will catch any wild Pokémon without fail.', 445),
(2, 'Ultra Ball', 1, 'An ultra-performance Ball that provides a higher Pokémon catch rate than a Great Ball.', 815),
(3, 'Great Ball', 1, 'A good, high-performance Ball that provides a higher Pokémon catch rate than a standard Poké Ball.', 299),
(4, 'Poké Ball', 1, 'A device for catching wild Pokémon. It is thrown like a ball at the target. It is designed as a capsule system.', 564),
(5, 'Safari Ball', 1, 'A special Poké Ball that is used only in the Great Marsh. It is decorated in a camouflage pattern.', 682),
(6, 'Net Ball', 1, 'A somewhat different Poké Ball that works especially well on Water- and Bug-type Pokémon.', 504),
(7, 'Dive Ball', 1, 'A somewhat different Poké Ball that works especially well on Pokémon that live underwater.', 177),
(8, 'Nest Ball', 1, 'A somewhat different Poké Ball that works especially well on weaker Pokémon in the wild.', 503),
(9, 'Repeat Ball', 1, 'A somewhat different Poké Ball that works especially well on Pokémon species that were previously caught.', 637),
(10, 'Timer Ball', 1, 'A somewhat different BALL that becomes progressively better the more turns there are in a battle.', 782),
(11, 'Luxury Ball', 1, 'A comfortable Poké Ball that makes a caught wild Pokémon quickly grow friendly.', 427),
(12, 'Premier Ball', 1, 'A somewhat rare Poké Ball that has been specially made to commemorate an event of some sort.', 584),
(13, 'Dusk Ball', 1, 'A somewhat different Poké Ball that makes it easier to catch wild Pokémon at night or in dark places like caves.', 202),
(14, 'Heal Ball', 1, 'A remedial Poké Ball that restores the caught Pokémon\'s HP and eliminates any status problem.', 319),
(15, 'Quick Ball', 1, 'A somewhat different Poké Ball that provides a better catch rate if it is used at the start of a wild encounter.', 605),
(16, 'Cherish Ball', 1, 'A quite rare Poké Ball that has been specially crafted to commemorate an occasion of some sort.', 100),
(17, 'Potion', 2, 'Restores 20 HP.', 572),
(18, 'Antidote', 2, 'A spray-type medicine. It lifts the effect of poison from one Pokémon.', 21),
(19, 'Burn Heal', 2, 'A spray-type medicine. It heals a single Pokémon that is suffering from a burn.', 88),
(20, 'Ice Heal', 2, 'A spray-type medicine. It defrosts a Pokémon that has been frozen solid.', 352),
(21, 'Awakening', 2, 'A spray-type medicine. It awakens a Pokémon from the clutches of sleep.', 30),
(22, 'Paralyze Heal', 2, 'A spray-type medicine. It eliminates paralysis from a single Pokémon.', 529),
(23, 'Full Restore', 2, 'A medicine that fully restores the HP and heals any status problems of a single Pokémon.', 268),
(24, 'Max Potion', 2, 'Fully restores HP.', 449),
(25, 'Hyper Potion', 2, 'Restores 120 HP.', 349),
(26, 'Super Potion', 2, 'Restores 60 HP.', 763),
(27, 'Full Heal', 2, 'A spray-type medicine. It heals all the status problems of a single Pokémon.', 266),
(28, 'Revive', 2, 'A medicine that revives a fainted Pokémon. It restores half the Pokémon\'s maximum HP.', 645),
(29, 'Max Revive', 2, 'A medicine that revives a fainted Pokémon. It fully restores the Pokémon\'s HP.', 451),
(30, 'Fresh Water', 2, 'Restores 30 HP.', 264),
(31, 'Soda Pop', 2, 'Restores 50 HP.', 724),
(32, 'Lemonade', 2, 'Restores 70 HP.', 396),
(33, 'Moomoo Milk', 2, 'Milk with a very high nutrition content. It restores the HP of one Pokémon by 100 points.', 488),
(34, 'Energy Powder', 2, 'Restores 60 HP but lowers Friendship.', 216),
(35, 'Energy Root', 2, 'Restores 120 HP but lowers Friendship.', 217),
(36, 'Heal Powder', 2, 'Heals all status problems, but lowers Friendship.', 320),
(37, 'Revival Herb', 2, 'Revives a Pokémon to max HP, but lowers Friendship.', 644),
(38, 'Ether', 2, 'It restores the PP of a Pokémon\'s selected move by a maximum of 10 points.', 224),
(39, 'Max Ether', 2, 'It fully restores the PP of a single selected move that has been learned by the target Pokémon.', 448),
(40, 'Elixir', 2, 'It restores the PP of all the moves learned by the targeted Pokémon by 10 points each.', 215),
(41, 'Max Elixir', 2, 'It fully restores the PP of all the moves learned by the targeted Pokémon.', 447),
(42, 'Lava Cookie', 2, 'Heals all major status conditions.', 391),
(43, 'Berry Juice', 2, 'A 100% pure juice made of Berries. It restores the HP of one Pokémon by just 20 points.', 42),
(44, 'Sacred Ash', 2, 'It revives all fainted Pokémon. In doing so, it also fully restores their HP.', 681),
(45, 'HP Up', 2, 'Increases HP EVs by 10.', 348),
(46, 'Protein', 2, 'Increases Attack EVs by 10.', 595),
(47, 'Iron', 2, 'Increases Defense EVs by 10.', 367),
(48, 'Carbos', 2, 'Increases Speed EVs by 10.', 91),
(49, 'Calcium', 2, 'Increases Special Attack EVs by 10.', 89),
(50, 'Rare Candy', 2, 'A candy that is packed with energy. It raises the level of a single Pokémon by one.', 614),
(51, 'PP Up', 2, 'It slightly raises the maximum PP of a selected move that has been learned by the target Pokémon.', 583),
(52, 'Zinc', 2, 'Increases Special Defense EVs by 10.', 884),
(53, 'PP Max', 2, 'It maximally raises the top PP of a selected move that has been learned by the target Pokémon.', 582),
(54, 'Old Gateau', 2, 'Heals all major status conditions.', 518),
(55, 'Guard Spec.', 3, 'Prevents stat reduction for five turns.', 134),
(56, 'Dire Hit', 3, 'Raises critical-hit ratio of a Pokémon in battle.', 175),
(57, 'X Attack', 3, 'Raises Attack of a Pokémon in battle.', 852),
(58, 'X Defense', 3, 'Raises Defense of a Pokémon in battle.', 856),
(59, 'X Speed', 3, 'Raises Speed of a Pokémon in battle.', 868),
(60, 'X Accuracy', 3, 'Raises Accuracy of a Pokémon in battle.', 848),
(61, 'X Sp. Atk', 3, 'Raises Special Attack of a Pokémon in battle.', 134),
(62, 'X Sp. Def', 3, 'Raises Special Defense of a Pokémon in battle.', 134),
(63, 'Poké Doll', 4, 'A doll that attracts Pokémon. Use it to flee from any battle with a wild Pokémon.', 565),
(64, 'Fluffy Tail', 4, 'An item that attracts Pokémon. Use it to flee from any battle with a wild Pokémon.', 256),
(65, 'Blue Flute', 4, 'A toy flute made from blue glass. A maniac will buy it for a high price.', 67),
(66, 'Yellow Flute', 4, 'A toy flute made from yellow glass. A maniac will buy it for a high price.', 876),
(67, 'Red Flute', 4, 'A toy flute made from red glass. A maniac will buy it for a high price.', 623),
(68, 'Black Flute', 4, 'A toy flute made from black glass. A maniac will buy it for a high price.', 59),
(69, 'White Flute', 4, 'A toy flute made from white glass. A maniac will buy it for a high price.', 838),
(70, 'Shoal Salt', 4, 'Pure salt that can be discovered deep inside the Shoal Cave. A maniac will buy it for a high price.', 705),
(71, 'Shoal Shell', 4, 'A pretty seashell that can be found deep inside the Shoal Cave. A maniac will buy it for a high price.', 706),
(72, 'Red Shard', 4, 'A small red shard. It appears to be from some sort of implement made long ago.', 629),
(73, 'Blue Shard', 4, 'A small blue shard. It appears to be from some sort of implement made long ago.', 71),
(74, 'Yellow Shard', 4, 'A small yellow shard. It appears to be from some sort of implement made long ago.', 880),
(75, 'Green Shard', 4, 'A small green shard. It appears to be from some sort of implement made long ago.', 303),
(76, 'Super Repel', 4, 'An item that prevents weak wild Pokémon from appearing for 200 steps after its use.', 764),
(77, 'Max Repel', 4, 'An item that prevents weak wild Pokémon from appearing for 250 steps after its use.', 450),
(78, 'Escape Rope', 4, 'A long, durable rope. Use it to escape instantly from a cave or a dungeon.', 223),
(79, 'Repel', 4, 'An item that prevents weak wild Pokémon from appearing for 100 steps after its use.', 638),
(80, 'Sun Stone', 4, 'Evolves certain species of Pokémon.', 762),
(81, 'Moon Stone', 4, 'Evolves certain species of Pokémon.', 491),
(82, 'Fire Stone', 4, 'Evolves certain species of Pokémon.', 247),
(83, 'Thunder Stone', 4, 'Evolves certain species of Pokémon.', 780),
(84, 'Water Stone', 4, 'Evolves certain species of Pokémon.', 828),
(85, 'Leaf Stone', 4, 'Evolves certain species of Pokémon.', 393),
(86, 'Tiny Mushroom', 4, 'A small and rare mushroom. It is sought after by collectors.', 783),
(87, 'Big Mushroom', 4, 'A large and rare mushroom. It is sought after by collectors.', 49),
(88, 'Pearl', 4, 'A somewhat-small pearl that sparkles in a pretty silver color. It can be sold cheaply to shops.', 537),
(89, 'Big Pearl', 4, 'A quite-large pearl that sparkles in a pretty silver color. It can be sold at a high price to shops.', 51),
(90, 'Stardust', 4, 'Lovely, red-colored sand with a loose, silky feel. It can be sold at a high price to shops.', 745),
(91, 'Star Piece', 4, 'A shard of a pretty gem that sparkles in a red color. It can be sold at a high price to shops.', 744),
(92, 'Nugget', 4, 'A nugget of pure gold that gives off a lustrous gleam. It can be sold at a high price to shops.', 510),
(93, 'Heart Scale', 4, 'A pretty, heart-shaped scale that is extremely rare. It glows faintly in the colors of the rainbow.', 323),
(94, 'Honey', 4, 'A sweet honey with a lush aroma that attracts wild Pokémon when it is used in grass, caves, or on special trees.', 345),
(95, 'Growth Mulch', 4, 'A fertilizer to be spread on soft soil in regions where Berries are grown. A maniac will buy it for a high price.', 312),
(96, 'Damp Mulch', 4, 'A fertilizer to be spread on soft soil in regions where Berries are grown. A maniac will buy it for a high price.', 127),
(97, 'Stable Mulch', 4, 'A fertilizer to be spread on soft soil in regions where Berries are grown. A maniac will buy it for a high price.', 743),
(98, 'Gooey Mulch', 4, 'A fertilizer to be spread on soft soil in regions where Berries are grown. A maniac will buy it for a high price.', 288),
(99, 'Root Fossil', 4, 'A fossil of an ancient Pokémon that lived in the sea. It appears to be part of a plant root.', 661),
(100, 'Claw Fossil', 4, 'A fossil of an ancient Pokémon that lived in the sea. It appears to be part of a claw.', 108),
(102, 'Dome Fossil', 4, 'A fossil of an ancient Pokémon that lived in the sea. It appears to be part of a shell.', 181),
(103, 'Old Amber', 4, 'A piece of amber that contains the genetic material of an ancient Pokémon. It is clear with a reddish tint.', 516),
(104, 'Armor Fossil', 4, 'A fossil from a prehistoric Pokémon that lived on the land. It appears to be part of a collar.', 25),
(105, 'Skull Fossil', 4, 'A fossil from a prehistoric Pokémon that lived on the land. It appears to be part of a head.', 714),
(106, 'Rare Bone', 4, 'A bone that is extremely valuable for Pokémon archeology. It can be sold for a high price to shops.', 613),
(107, 'Shiny Stone', 4, 'Evolves certain species of Pokémon.', 704),
(108, 'Dusk Stone', 4, 'Evolves certain species of Pokémon.', 203),
(109, 'Dawn Stone', 4, 'Evolves certain species of Pokémon.', 162),
(110, 'Oval Stone', 4, 'Evolves Happiny when held.', 525),
(111, 'Odd Keystone', 4, 'A vital item that is needed to keep a stone tower from collapsing. Voices can be heard from it occasionally.', 515),
(112, 'Griseous Orb', 5, 'Increases the power of Dragon- and Ghost-type moves when held by Giratina, and changes it to Origin Forme.', 307),
(113, 'place_holder', 6, 'An aromatic tea prepared by an old lady. It will slake even the worst thirst.', 134),
(115, 'place_holder', 6, 'The autograph you got from the Vermilion City Gym Leader, Lt. Surge. He wrote, \"Good luck!\"', 134),
(116, 'Douse Drive', 5, 'Changes Techno Blast to a Water-type move when held by Genesect.', 182),
(117, 'Shock Drive', 5, 'Changes Techno Blast to an Electric-type move when held by Genesect.', 707),
(118, 'Burn Drive', 5, 'Changes Techno Blast to a Fire-type move when held by Genesect.', 87),
(119, 'Chill Drive', 5, 'Changes Techno Blast to an Ice-type move when held by Genesect.', 103),
(123, 'place_holder', 6, 'A case that holds TMs and HMs. It is attached to the BAG\'s compartment for important items.', 134),
(134, 'Sweet Heart', 2, 'Very sweet chocolate. It restores the HP of one Pokémon by only 20 points.', 769),
(135, 'Adamant Orb', 5, 'Increases the power of Dragon- and Steel-type moves when held by Dialga.', 6),
(136, 'Lustrous Orb', 5, 'Increases the power of Dragon- and Water-type moves when held by Palkia.', 426),
(149, 'Cheri Berry', 7, 'If held by a Pokémon, it recovers from paralysis.', 99),
(150, 'Chesto Berry', 7, 'If held by a Pokémon, it recovers from sleep.', 101),
(151, 'Pecha Berry', 7, 'If held by a Pokémon, it recovers from poison.', 538),
(152, 'Rawst Berry', 7, 'If held by a Pokémon, it recovers from a burn.', 615),
(153, 'Aspear Berry', 7, 'If held by a Pokémon, it defrosts it.', 26),
(154, 'Leppa Berry', 7, 'If held by a Pokémon, it restores a move\'s PP by 10.', 398),
(155, 'Oran Berry', 7, 'If held by a Pokémon, it heals the user by just 10 HP.', 521),
(156, 'Persim Berry', 7, 'If held by a Pokémon, it recovers from confusion.', 540),
(157, 'Lum Berry', 7, 'If held by a Pokémon, it recovers from any status problem.', 419),
(158, 'Sitrus Berry', 7, 'If held by a Pokémon, it heals the user\'s HP a little.', 713),
(159, 'Figy Berry', 7, 'Restores HP if it\'s low, but may cause confusion.', 244),
(160, 'Wiki Berry', 7, 'Restores HP if it\'s low, but may cause confusion.', 841),
(161, 'Mago Berry', 7, 'Restores HP if it\'s low, but may cause confusion.', 438),
(162, 'Aguav Berry', 7, 'Restores HP if it\'s low, but may cause confusion.', 11),
(163, 'Iapapa Berry', 7, 'Restores HP if it\'s low, but may cause confusion.', 350),
(164, 'Razz Berry', 7, 'A Berry which is very rare in the Unova region. A maniac will buy it for a high price.', 618),
(165, 'Bluk Berry', 7, 'A Berry which is very rare in the Unova region. A maniac will buy it for a high price.', 72),
(166, 'Nanab Berry', 7, 'A Berry to be used in cooking. Calms a Pokémon in battle, in Let\'s Go Pikachu/Eevee.', 502),
(167, 'Wepear Berry', 7, 'A Berry which is very rare in the Unova region. A maniac will buy it for a high price.', 835),
(168, 'Pinap Berry', 7, 'A Berry to be used in cooking. Increases chances of getting items when a Pokémon is caught, in Pokémon Let\'s Go.', 548),
(170, 'Kelpsy Berry', 7, 'Increases Friendship but lowers Attack EVs.', 378),
(171, 'Qualot Berry', 7, 'Increases Friendship but lowers Defense EVs.', 604),
(172, 'Hondew Berry', 7, 'Increases Friendship but lowers Special Attack EVs.', 344),
(173, 'Grepa Berry', 7, 'Increases Friendship but lowers Special Defense EVs.', 305),
(174, 'Tamato Berry', 7, 'Increases Friendship but lowers Speed EVs.', 771),
(175, 'Cornn Berry', 7, 'A Berry which is very rare in the Unova region. A maniac will buy it for a high price.', 121),
(176, 'Magost Berry', 7, 'A Berry which is very rare in the Unova region. A maniac will buy it for a high price.', 439),
(177, 'Rabuta Berry', 7, 'A Berry which is very rare in the Unova region. A maniac will buy it for a high price.', 608),
(178, 'Nomel Berry', 7, 'A Berry which is very rare in the Unova region. A maniac will buy it for a high price.', 506),
(179, 'Spelon Berry', 7, 'A Berry which is very rare in the Unova region. A maniac will buy it for a high price.', 734),
(180, 'Pamtre Berry', 7, 'A Berry which is very rare in the Unova region. A maniac will buy it for a high price.', 528),
(181, 'Watmel Berry', 7, 'A Berry which is very rare in the Unova region. A maniac will buy it for a high price.', 831),
(182, 'Durin Berry', 7, 'A Berry which is very rare in the Unova region. A maniac will buy it for a high price.', 201),
(183, 'Belue Berry', 7, 'A Berry which is very rare in the Unova region. A maniac will buy it for a high price.', 41),
(184, 'Occa Berry', 7, 'Weakens a supereffective Fire-type attack against the holding Pokémon.', 513),
(185, 'Passho Berry', 7, 'Weakens a supereffective Water-type attack against the holding Pokémon.', 534),
(186, 'Wacan Berry', 7, 'Weakens a supereffective Electric-type attack against the holding Pokémon.', 824),
(187, 'Rindo Berry', 7, 'Weakens a supereffective Grass-type attack against the holding Pokémon.', 648),
(188, 'Yache Berry', 7, 'Weakens a supereffective Ice-type attack against the holding Pokémon.', 874),
(189, 'Chople Berry', 7, 'Weakens a supereffective Fighting-type attack against the holding Pokémon.', 107),
(190, 'Kebia Berry', 7, 'Weakens a supereffective Poison-type attack against the holding Pokémon.', 376),
(191, 'Shuca Berry', 7, 'Weakens a supereffective Ground-type attack against the holding Pokémon.', 708),
(192, 'Coba Berry', 7, 'Weakens a supereffective Flying-type attack against the holding Pokémon.', 112),
(193, 'Payapa Berry', 7, 'Weakens a supereffective Psychic-type attack against the holding Pokémon.', 535),
(194, 'Tanga Berry', 7, 'Weakens a supereffective Bug-type attack against the holding Pokémon.', 772),
(195, 'Charti Berry', 7, 'Weakens a supereffective Rock-type attack against the holding Pokémon.', 98),
(196, 'Kasib Berry', 7, 'Weakens a supereffective Ghost-type attack against the holding Pokémon.', 375),
(197, 'Haban Berry', 7, 'Weakens a supereffective Dragon-type attack against the holding Pokémon.', 316),
(198, 'Colbur Berry', 7, 'Weakens a supereffective Dark-type attack against the holding Pokémon.', 114),
(199, 'Babiri Berry', 7, 'Weakens a supereffective Steel-type attack against the holding Pokémon.', 32),
(200, 'Chilan Berry', 7, 'Weakens a Normal-type attack against the Pokémon holding this berry.', 102),
(201, 'Liechi Berry', 7, 'Raises Attack when HP is low.', 402),
(202, 'Ganlon Berry', 7, 'Raises Defense when HP is low.', 271),
(203, 'Salac Berry', 7, 'Raises Speed when HP is low.', 685),
(204, 'Petaya Berry', 7, 'Raises Special Attack when HP is low.', 541),
(205, 'Apicot Berry', 7, 'Raises Special Defense when HP is low.', 22),
(206, 'Lansat Berry', 7, 'Increases critical-hit ratio when HP is low.', 388),
(207, 'Starf Berry', 7, 'Sharply raises a random stat when HP is low.', 746),
(208, 'Enigma Berry', 7, 'If held by a Pokémon, it restores its HP if it is hit by any supereffective attack.', 218),
(209, 'Micle Berry', 7, 'Increases a move\'s accuracy when HP is low.', 482),
(210, 'Custap Berry', 7, 'Holder can move first when HP is low.', 126),
(211, 'Jaboca Berry', 7, 'If held by a Pokémon and a physical attack lands, the attacker also takes damage.', 370),
(212, 'Rowap Berry', 7, 'If held by a Pokémon and a special attack lands, the attacker also takes damage.', 675),
(213, 'Bright Powder', 5, 'Lowers the opponent\'s accuracy.', 81),
(214, 'White Herb', 5, 'An item to be held by a POKéMON. It restores any lowered stat in battle. It can be used only once.', 839),
(215, 'Macho Brace', 5, 'An item to be held by a Pokémon. It is a stiff and heavy brace that promotes strong growth but lowers Speed.', 432),
(216, 'Exp. Share', 5, 'An item to be held by a Pokémon. The holder gets a share of a battle\'s Exp. Points without battling.', 134),
(217, 'Quick Claw', 5, 'An item to be held by a Pokémon. A light, sharp claw that lets the bearer move first occasionally.', 606),
(218, 'Soothe Bell', 5, 'An item to be held by a Pokémon. It is a bell with a comforting chime that calms the holder and makes it friendly.', 729),
(219, 'Mental Herb', 5, 'An item to be held by a Pokémon. It snaps the holder out of infatuation. It can be used only once.', 468),
(220, 'Choice Band', 5, 'Raises Attack, but only one move can be used.', 104),
(221, 'King\'s Rock', 5, 'May cause opponent to flinch. Evolves Poliwhirl and Slowpoke when traded holding the item.', 134),
(222, 'Silver Powder', 5, 'Increases the power of Bug-type moves.', 711),
(223, 'Amulet Coin', 5, 'Doubles prize money if held.', 20),
(224, 'Cleanse Tag', 5, 'An item to be held by a Pokémon. It helps keep wild Pokémon away if the holder is the first one in the party.', 109),
(225, 'Soul Dew', 5, 'Increases the power of Psychic- and Dragon-type moves when held by Latios or Latias. Increases Sp.Atk/Sp.Def prior to Gen 7.', 730),
(226, 'Deep Sea Tooth', 5, 'Increases Special Attack when held by Clamperl. Evolves Clamperl when traded holding the item.', 166),
(227, 'Deep Sea Scale', 5, 'Increases Special Defense when held by Clamperl. Evolves Clamperl when traded holding the item.', 165),
(228, 'Smoke Ball', 5, 'An item to be held by a Pokémon. It enables the holder to flee from any wild Pokémon without fail.', 718),
(229, 'Everstone', 5, 'An item to be held by a Pokémon. The Pokémon holding this peculiar stone is prevented from evolving.', 225),
(230, 'Focus Band', 5, 'An item to be held by a Pokémon. The holder may endure a potential KO attack, leaving it with just 1 HP.', 261),
(231, 'Lucky Egg', 5, 'An item to be held by a Pokémon. It is an egg filled with happiness that earns extra Exp. Points in battle.', 417),
(232, 'Scope Lens', 5, 'Increases critical-hit ratio.', 691),
(233, 'Metal Coat', 5, 'Increases the power of Steel-type moves. Evolves Onix and Scyther when traded holding the item.', 470),
(234, 'Leftovers', 5, 'An item to be held by a Pokémon. The holder\'s HP is gradually restored during battle.', 395),
(235, 'Dragon Scale', 4, 'Evolves Seadra when traded holding the item.', 188),
(236, 'Light Ball', 5, 'An item to be held by PIKACHU. It is a puzzling orb that raises the Attack and Sp. Atk stat.', 405),
(237, 'Soft Sand', 5, 'Increases the power of Ground-type moves.', 725),
(238, 'Hard Stone', 5, 'Increases the power of Rock-type moves.', 318),
(239, 'Miracle Seed', 5, 'Increases the power of Grass-type moves.', 486),
(240, 'Black Glasses', 5, 'Increases the power of Dark-type moves.', 60),
(241, 'Black Belt', 5, 'Increases the power of Fighting-type moves.', 58),
(242, 'Magnet', 5, 'Increases the power of Electric-type moves.', 437),
(243, 'Mystic Water', 5, 'Increases the power of Water-type moves.', 496),
(244, 'Sharp Beak', 5, 'Increases the power of Flying-type moves.', 699),
(245, 'Poison Barb', 5, 'Increases the power of Poison-type moves.', 559),
(246, 'Never-Melt Ice', 5, 'Increases the power of Ice-type moves.', 505),
(247, 'Spell Tag', 5, 'Increases the power of Ghost-type moves.', 733),
(248, 'Twisted Spoon', 5, 'Increases the power of Psychic-type moves.', 813),
(249, 'Charcoal', 5, 'Increases the power of Fire-type moves.', 95),
(250, 'Dragon Fang', 5, 'Increases the power of Dragon-type moves.', 185),
(251, 'Silk Scarf', 5, 'Increases the power of Normal-type moves.', 709),
(252, 'place_holder', 4, 'Evolves Porygon when traded holding the item.', 134),
(253, 'Shell Bell', 5, 'An item to be held by a Pokémon. The holder\'s HP is restored a little every time it inflicts damage.', 702),
(254, 'Sea Incense', 5, 'Increases the power of Water-type moves. Breeding Marill or Azumarill produces Azurill when held.', 692),
(255, 'Lax Incense', 5, 'Lowers the opponent\'s accuracy. Breeding Wobbuffet produces Wynaut when held.', 392),
(256, 'Lucky Punch', 5, 'Increases critical-hit ratio when held by Chansey.', 418),
(257, 'Metal Powder', 5, 'Increases Defense when held by Ditto.', 471),
(258, 'Thick Club', 5, 'Increases Attack when held by Cubone or Marowak.', 779),
(259, 'place_holder', 5, 'Increases critical-hit ratio when held by Farfetch\'d.', 134),
(260, 'Red Scarf', 4, 'Raises holder\'s Cool aspect in a Contest.', 628),
(261, 'Blue Scarf', 4, 'Raises holder\'s Beauty aspect in a Contest.', 70),
(262, 'Pink Scarf', 4, 'Raises holder\'s Cute aspect in a Contest.', 552),
(263, 'Green Scarf', 4, 'Raises holder\'s Smart aspect in a Contest.', 302),
(264, 'Yellow Scarf', 4, 'Raises holder\'s Tough aspect in a Contest.', 879),
(265, 'Wide Lens', 5, 'Increases the accuracy of moves.', 840),
(266, 'Muscle Band', 5, 'Increases the power of Physical-category moves.', 493),
(267, 'Wise Glasses', 5, 'Increases the power of Special-category moves.', 842),
(268, 'Expert Belt', 5, 'Increases the power of super-effective moves.', 228),
(269, 'Light Clay', 5, 'A Pokémon held item that extends the duration of barrier moves like Light Screen and Reflect used by the holder.', 406),
(270, 'Life Orb', 5, 'Increases the power of moves, but loses HP each turn.', 403),
(271, 'Power Herb', 5, 'A single-use item to be held by a Pokémon. It allows the immediate use of a move that charges on the first turn.', 578),
(272, 'Toxic Orb', 5, 'An item to be held by a Pokémon. It is a bizarre orb that badly poisons the holder in battle.', 805),
(273, 'Flame Orb', 5, 'An item to be held by a Pokémon. It is a bizarre orb that inflicts a burn on the holder in battle.', 253),
(274, 'Quick Powder', 5, 'Increases Speed when held by Ditto.', 607),
(275, 'Focus Sash', 5, 'An item to be held by a Pokémon. If it has full HP, the holder will endure one potential KO attack, leaving 1 HP.', 262),
(276, 'Zoom Lens', 5, 'Raises a move\'s accuracy if the holder moves after its target.', 885),
(277, 'Metronome', 5, 'Increases the power of moves used consecutively.', 477),
(278, 'Iron Ball', 5, 'A Pokémon held item that cuts Speed. It makes Flying-type and levitating holders susceptible to Ground moves.', 365),
(279, 'Lagging Tail', 5, 'Holder always attacks last.', 387),
(280, 'Destiny Knot', 5, 'A long, thin, bright-red string to be held by a Pokémon. If the holder becomes infatuated, the foe does too.', 167),
(281, 'Black Sludge', 5, 'A held item that gradually restores the HP of Poison-type Pokémon. It inflicts damage on all other types.', 61),
(282, 'Icy Rock', 5, 'A Pokémon held item that extends the duration of the move Hail used by the holder.', 358),
(283, 'Smooth Rock', 5, 'A Pokémon held item that extends the duration of the move Sandstorm used by the holder.', 719),
(284, 'Heat Rock', 5, 'A Pokémon held item that extends the duration of the move Sunny Day used by the holder.', 324),
(285, 'Damp Rock', 5, 'A Pokémon held item that extends the duration of the move Rain Dance used by the holder.', 128),
(286, 'Grip Claw', 5, 'A Pokémon held item that extends the duration of multiturn attacks like Bind and Wrap.', 306),
(287, 'Choice Scarf', 5, 'Raises Speed, but only one move can be used.', 105),
(288, 'Sticky Barb', 5, 'A held item that damages the holder on every turn. It may latch on to foes and allies that touch the holder.', 754),
(289, 'Power Bracer', 5, 'A Pokémon held item that promotes Attack gain on leveling, but reduces the Speed stat.', 577),
(290, 'Power Belt', 5, 'A Pokémon held item that promotes Defense gain on leveling, but reduces the Speed stat.', 576),
(291, 'Power Lens', 5, 'A Pokémon held item that promotes Sp. Atk gain on leveling, but reduces the Speed stat.', 579),
(292, 'Power Band', 5, 'A Pokémon held item that promotes Sp. Def gain on leveling, but reduces the Speed stat.', 575),
(293, 'Power Anklet', 5, 'A Pokémon held item that promotes Speed gain on leveling, but reduces the Speed stat.', 574),
(294, 'Power Weight', 5, 'A Pokémon held item that promotes HP gain on leveling, but reduces the Speed stat.', 581),
(295, 'Shed Shell', 5, 'A tough, discarded carapace to be held by a Pokémon. It enables the holder to switch with a waiting Pokémon in battle.', 701),
(296, 'Big Root', 5, 'Recovers more HP from HP-stealing moves.', 52),
(297, 'Choice Specs', 5, 'Raises Special Attack, but only one move can be used.', 106),
(298, 'Flame Plate', 5, 'Increases power of Fire-type moves. Changes Arceus\' type to Fire.', 254),
(299, 'Splash Plate', 5, 'Increases power of Water-type moves. Changes Arceus\' type to Water.', 735),
(300, 'Zap Plate', 5, 'Increases power of Electric-type moves. Changes Arceus\' type to Electric.', 883),
(301, 'Meadow Plate', 5, 'Increases power of Grass-type moves. Changes Arceus\' type to Grass.', 452),
(302, 'Icicle Plate', 5, 'Increases power of Ice-type moves. Changes Arceus\' type to Ice.', 355),
(303, 'Fist Plate', 5, 'Increases power of Fighting-type moves. Changes Arceus\' type to Fighting.', 251),
(304, 'Toxic Plate', 5, 'Increases power of Poison-type moves. Changes Arceus\' type to Poison.', 806),
(305, 'Earth Plate', 5, 'Increases power of Ground-type moves. Changes Arceus\' type to Ground.', 204),
(306, 'Sky Plate', 5, 'Increases power of Flying-type moves. Changes Arceus\' type to Flying.', 715),
(307, 'Mind Plate', 5, 'Increases power of Psychic-type moves. Changes Arceus\' type to Psychic.', 485),
(308, 'Insect Plate', 5, 'Increases power of Bug-type moves. Changes Arceus\' type to Bug.', 363),
(309, 'Stone Plate', 5, 'Increases power of Rock-type moves. Changes Arceus\' type to Rock.', 755),
(310, 'Spooky Plate', 5, 'Increases power of Ghost-type moves. Changes Arceus\' type to Ghost.', 736),
(311, 'Draco Plate', 5, 'Increases power of Dragon-type moves. Changes Arceus\' type to Dragon.', 184),
(312, 'Dread Plate', 5, 'Increases power of Dark-type moves. Changes Arceus\' type to Dark.', 192),
(313, 'Iron Plate', 5, 'Increases power of Steel-type moves. Changes Arceus\' type to Steel.', 366),
(314, 'Odd Incense', 5, 'Increases the power of Psychic-type moves. Breeding Mr. Mime produces Mime Jr. when held.', 514),
(315, 'Rock Incense', 5, 'Increases the power of Rock-type moves. Breeding Sudowoodo produces Bonsly when held.', 655),
(316, 'Full Incense', 5, 'Holder always attacks last. Breeding Snorlax produces Munchlax when held.', 267),
(317, 'Wave Incense', 5, 'Increases the power of Water-type moves. Breeding Mantine produces Mantyke when held.', 832),
(318, 'Rose Incense', 5, 'Increases the power of Grass-type moves. Breeding Roselia or Roserade produces Budew when held.', 662),
(319, 'Luck Incense', 5, 'Doubles prize money if held. Breeding Chansey or Blissey produces Happiny when held.', 416),
(320, 'Pure Incense', 5, 'Descreases the likelihood of meeting wild Pokémon. Breeding Chimecho produces Chingling when held.', 601),
(321, 'Protector', 4, 'Evolves Rhydon when traded holding the item.', 594),
(322, 'Electirizer', 4, 'Evolves Electabuzz when traded holding the item.', 208),
(323, 'Magmarizer', 4, 'Evolves Magmar when traded holding the item.', 436),
(324, 'Dubious Disc', 4, 'Evolves Porygon2 when traded holding the item.', 200),
(325, 'Reaper Cloth', 4, 'Evolves Dusclops when traded holding the item.', 619),
(326, 'Razor Claw', 5, 'Increases critical-hit ratio. Evolves Sneasel when held at night.', 616),
(327, 'Razor Fang', 5, 'May cause opponent to flinch. Evolves Gligar when held at night.', 617),
(328, 'TM01', 8, 'Teaches the move Mega Punch/Dynamic Punch/Focus Punch/Hone Claws/Work Up/Headbutt.', 134),
(329, 'TM02', 8, 'Teaches the move Razor Wind/Headbutt/Dragon Claw/Taunt.', 134),
(330, 'TM03', 8, 'Teaches the move Swords Dance/Curse/Water Pulse/Psyshock/Helping Hand.', 134),
(331, 'TM04', 8, 'Teaches the move Whirlwind/Rollout/Calm Mind/Teleport.', 134),
(332, 'TM05', 8, 'Teaches the move Mega Kick/Roar/Rest.', 134),
(333, 'TM06', 8, 'Teaches the move Toxic/Light Screen.', 134),
(334, 'TM07', 8, 'Teaches the move Horn Drill/Zap Cannon/Hail/Protect.', 134),
(335, 'TM08', 8, 'Teaches the move Body Slam/Rock Smash/Bulk Up/Substitute.', 134),
(336, 'TM09', 8, 'Teaches the move Take Down/Psych Up/Bullet Seed/Venoshock/Reflect.', 134),
(337, 'TM10', 8, 'Teaches the move Double-Edge/Hidden Power/Dig.', 134),
(338, 'TM11', 8, 'Teaches the move BubbleBeam/Sunny Day/Will-O-Wisp.', 134),
(339, 'TM12', 8, 'Teaches the move Water Gun/Sweet Scent/Taunt/Facade.', 134),
(340, 'TM13', 8, 'Teaches the move Snore/Ice Beam/Brick Break.', 134),
(341, 'TM14', 8, 'Teaches the move Blizzard/Fly.', 134),
(342, 'TM15', 8, 'Teaches the move Hyper Beam/Seismic Toss.', 134),
(343, 'TM16', 8, 'Teaches the move Pay Day/Icy Wind/Light Screen/Thunder Wave.', 134),
(344, 'TM17', 8, 'Teaches the move Submission/Protect/Dragon Tail.', 134),
(345, 'TM18', 8, 'Teaches the move Counter/Rain Dance/U-turn.', 134),
(346, 'TM19', 8, 'Teaches the move Seismic Toss/Giga Drain/Telekinesis/Roost/Iron Tail.', 134),
(347, 'TM20', 8, 'Teaches the move Rage/Endure/Safeguard/Dark Pulse.', 134),
(348, 'TM21', 8, 'Teaches the move Mega Drain/Frustration/Foul Play.', 134),
(349, 'TM22', 8, 'Teaches the move SolarBeam/Rock Slide.', 134),
(350, 'TM23', 8, 'Teaches the move Dragon Rage/Iron Tail/Smack Down/Thunder Punch.', 134),
(351, 'TM24', 8, 'Teaches the move Thunderbolt/DragonBreath/X-Scissor.', 134),
(352, 'TM25', 8, 'Teaches the move Thunder/Waterfall.', 134),
(353, 'TM26', 8, 'Teaches the move Earthquake/Poison Jab.', 134),
(354, 'TM27', 8, 'Teaches the move Fissure/Return/Toxic.', 134),
(355, 'TM28', 8, 'Teaches the move Dig/Leech Life/Tri Attack.', 134),
(356, 'TM29', 8, 'Teaches the move Psychic/Scald.', 134),
(357, 'TM30', 8, 'Teaches the move Teleport/Shadow Ball/Bulk Up.', 134),
(358, 'TM31', 8, 'Teaches the move Mimic/Mud-Slap/Brick Break/Fire Punch.', 134),
(359, 'TM32', 8, 'Teaches the move Double Team/Dazzling Gleam.', 134),
(360, 'TM33', 8, 'Teaches the move Ice Punch/Reflect/Calm Mind.', 134),
(361, 'TM34', 8, 'Teaches the move Bide/Swagger/Shock Wave/Sludge Wave/Dragon Pulse.', 134),
(362, 'TM35', 8, 'Teaches the move Metronome/Sleep Talk/Flamethrower/Ice Punch.', 134),
(363, 'TM36', 8, 'Teaches the move Selfdestruct/Sludge Bomb/Thunderbolt.', 134),
(364, 'TM37', 8, 'Teaches the move Egg Bomb/Sandstorm/Flamethrower.', 134),
(365, 'TM38', 8, 'Teaches the move Fire Blast/Thunder.', 134),
(366, 'TM39', 8, 'Teaches the move Swift/Rock Tomb/Outrage.', 134),
(367, 'TM40', 8, 'Teaches the move Skull Bash/Defense Curl/Aerial Ace/Psychic.', 134),
(368, 'TM41', 8, 'Teaches the move Softboiled/ThunderPunch/Torment/Earthquake.', 134),
(369, 'TM42', 8, 'Teaches the move Dream Eater/Facade/Self-Destruct.', 134),
(370, 'TM43', 8, 'Teaches the move Sky Attack/Detect/Secret Power/Flame Charge/Shadow Ball.', 134),
(371, 'TM44', 8, 'Teaches the move Rest/Play Rough.', 134),
(372, 'TM45', 8, 'Teaches the move Thunder Wave/Attract/Solar Beam.', 134),
(373, 'TM46', 8, 'Teaches the move Psywave/Thief/Fire Blast.', 134),
(374, 'TM47', 8, 'Teaches the move Explosion/Steel Wing/Low Sweep/Surf.', 134),
(375, 'TM48', 8, 'Teaches the move Rock Slide/Fire Punch/Skill Swap/Round/Hyper Beam.', 134),
(376, 'TM49', 8, 'Teaches the move Tri Attack/Fury Cutter/Snatch/Echoed Voice/Superpower.', 134),
(377, 'TM50', 8, 'Teaches the move Substitute/Nightmare/Overheat/Roost.', 134),
(378, 'TM51', 8, 'Teaches the move Roost/Ally Switch/Steel Wing/Blizzard.', 134),
(379, 'TM52', 8, 'Teaches the move Focus Blast/Sludge Bomb.', 134),
(380, 'TM53', 8, 'Teaches the move Energy Ball/Mega Drain.', 134),
(381, 'TM54', 8, 'Teaches the move False Swipe/Flash Cannon.', 134),
(382, 'TM55', 8, 'Teaches the move Brine/Scald/Ice Beam.', 134),
(383, 'TM56', 8, 'Teaches the move Fling/Stealth Rock.', 134),
(384, 'TM57', 8, 'Teaches the move Charge Beam/Pay Day.', 134),
(385, 'TM58', 8, 'Teaches the move Endure/Sky Drop/Drill Run.', 134),
(386, 'TM59', 8, 'Teaches the move Dragon Pulse/Incinerate/Brutal Swing/Dream Eater.', 134),
(387, 'TM60', 8, 'Teaches the move Drain Punch/Quash/Megahorn.', 134),
(388, 'TM61', 8, 'Teaches the move Will-O-Wisp.', 134),
(389, 'TM62', 8, 'Teaches the move Silver Wind/Acrobatics.', 134),
(390, 'TM63', 8, 'Teaches the move Embargo.', 134),
(391, 'TM64', 8, 'Teaches the move Explosion.', 134),
(392, 'TM65', 8, 'Teaches the move Shadow Claw.', 134),
(393, 'TM66', 8, 'Teaches the move Payback.', 134),
(394, 'TM67', 8, 'Teaches the move Recycle/Retaliate/Smart Strike.', 134),
(395, 'TM68', 8, 'Teaches the move Giga Impact.', 134),
(396, 'TM69', 8, 'Teaches the move Rock Polish.', 134),
(397, 'TM70', 8, 'Teaches the move Flash/Aurora Veil.', 134),
(398, 'TM71', 8, 'Teaches the move Stone Edge.', 134),
(399, 'TM72', 8, 'Teaches the move Avalanche/Volt Switch.', 134),
(400, 'TM73', 8, 'Teaches the move Thunder Wave.', 134),
(401, 'TM74', 8, 'Teaches the move Gyro Ball.', 134),
(402, 'TM75', 8, 'Teaches the move Swords Dance.', 134),
(403, 'TM76', 8, 'Teaches the move Stealth Rock/Struggle Bug/Fly.', 134),
(404, 'TM77', 8, 'Teaches the move Psych Up.', 134),
(405, 'TM78', 8, 'Teaches the move Captivate/Bulldoze.', 134),
(406, 'TM79', 8, 'Teaches the move Dark Pulse/Frost Breath.', 134),
(407, 'TM80', 8, 'Teaches the move Rock Slide.', 134),
(408, 'TM81', 8, 'Teaches the move X-Scissor.', 134),
(409, 'TM82', 8, 'Teaches the move Sleep Talk/Dragon Tail.', 134),
(410, 'TM83', 8, 'Teaches the move Natural Gift/Work Up/Infestation.', 134),
(411, 'TM84', 8, 'Teaches the move Poison Jab.', 134),
(412, 'TM85', 8, 'Teaches the move Dream Eater.', 134),
(413, 'TM86', 8, 'Teaches the move Grass Knot.', 134),
(414, 'TM87', 8, 'Teaches the move Swagger.', 134),
(415, 'TM88', 8, 'Teaches the move Pluck/Sleep Talk.', 134),
(416, 'TM89', 8, 'Teaches the move U-turn.', 134),
(417, 'TM90', 8, 'Teaches the move Substitute.', 134),
(418, 'TM91', 8, 'Teaches the move Flash Cannon.', 134),
(419, 'TM92', 8, 'Teaches the move Trick Room.', 134),
(420, 'HM01', 8, 'Teaches the move Cut.', 332),
(421, 'HM02', 8, 'Teaches the move Fly.', 333),
(422, 'HM03', 8, 'Teaches the move Surf.', 334),
(423, 'HM04', 8, 'Teaches the move Strength.', 335),
(424, 'HM05', 8, 'Teaches the move Flash/Defog/Whirlpool/Waterfall.', 336),
(425, 'HM06', 8, 'Teaches the move Whirlpool/Rock Smash/Dive.', 337),
(428, 'Explorer Kit', 6, 'A bag filled with convenient tools for exploring. It provides access to the Underground.', 229),
(429, 'Loot Sack', 6, 'A sturdy, spacious bag that is used to carry loot obtained in the coal mine.', 411),
(430, 'Rule Book', 6, 'It lists the rules for holding battles. For linked battles, you may choose which set of rules you wish to use.', 678),
(431, 'Poké Radar', 6, 'A tool that can search out Pokémon that are hiding in grass. Its battery is recharged as you walk.', 567),
(432, 'Point Card', 6, 'A card that lists the Battle Points you have earned. ', 558),
(433, 'Journal', 6, 'A notebook that keeps a day-to-day record of your adventure so far. ', 373),
(434, 'Seal Case', 6, 'A case for storing Seals that can be applied to the capsule cases of Poké Balls.', 694),
(435, 'Fashion Case', 6, 'A lovely case to store colorful Props for your Pokémon to wear in a musical.', 236),
(436, 'Seal Bag', 6, 'A tiny bag that can hold ten Seals for decorating Poké Balls.', 693),
(437, 'Pal Pad', 6, 'A convenient notepad that is used for registering your friends, Friend Codes, and keeping a record of game play.', 527),
(438, 'Works Key', 6, 'A large key for operating the doors of the Valley Windworks in the canyon. It was held by a Team Galactic Grunt.', 844),
(439, 'Old Charm', 6, 'An ancient good-luck charm made of Pokémon bones to be taken to the elder of Celestic Town.', 517),
(440, 'Galactic Key', 6, 'A card key for disengaging security systems in the Galactic HQ. Losing it can result in punishment, apparently.', 269),
(441, 'Red Chain', 6, 'A mythical chain that is said to link the legendary Pokémon that created the Sinnoh region.', 622),
(442, 'Town Map', 6, 'A very convenient map that can be viewed anytime. It even shows your present location.', 804),
(443, 'Vs. Seeker', 6, 'A device that indicates Trainers who want to battle. Its battery charges while you walk.', 134),
(444, 'Coin Case', 6, 'A case for holding Coins obtained at the Game Corner. It holds up to 50,000 Coins.', 113),
(445, 'Old Rod', 6, 'An old and beat-up fishing rod. Use it by any body of water to fish for wild aquatic Pokémon.', 519),
(446, 'Good Rod', 6, 'A new, good-quality fishing rod. Use it by any body of water to fish for wild aquatic Pokémon.', 287),
(447, 'Super Rod', 6, 'An awesome, high-tech fishing rod. Use it by any body of water to fish for wild aquatic Pokémon.', 765),
(448, 'Sprayduck', 6, 'A watering can shaped like a PSYDUCK. It helps promote healthy growth of Berries planted in soft soil.', 738),
(449, 'Poffin Case', 6, 'A case for storing Poffin cooked from Berries. ', 557),
(451, 'Suite Key', 6, 'A key to one of the suites at the luxury hotel by a lake. For some odd reason, it often disappears.', 760),
(452, 'Oak\'s Letter', 6, 'A letter from Prof. Oak. Written in it is a request for you to go to Rt. 224.', 134),
(453, 'Lunar Wing', 6, 'A feather that glows like the moon. It is said to possess the power to dispel nightmares.', 424),
(454, 'Member Card', 6, 'A card needed for entering the inn in Canalave City. Oddly, the last date marked on it was 50 years ago.', 467),
(455, 'Azure Flute', 6, 'A flute that puts out echoing sounds that do not seem to be of this world. It is unknown who made it.', 31),
(457, 'Contest Pass', 6, 'The pass required for entering POKéMON CONTESTS. It has a drawing of an award ribbon on it.', 120),
(458, 'Magma Stone', 6, 'A stone formed when boulders melted in intensely hot magma, then hardened. Magma remains sealed inside.', 434),
(460, 'Coupon 1', 6, 'A coupon to be exchanged for a Pokémon Watch (Pokétch for short). Three coupons are needed.', 122),
(461, 'Coupon 2', 6, 'A coupon to be exchanged for a Pokémon Watch (Pokétch for short). Three coupons are needed.', 123),
(462, 'Coupon 3', 6, 'A coupon to be exchanged for a Pokémon Watch (Pokétch for short). Three coupons are needed.', 124),
(464, 'Secret Potion', 6, 'A fantastic medicine dispensed by the pharmacy in Cianwood City. It fully heals a Pokémon of any ailment.', 696),
(465, 'Vs. Recorder', 6, 'An amazing device that can record a battle either between friends or at a special battle facility.', 134),
(466, 'Gracidea', 6, 'A flower sometimes bundled in bouquets to convey gratitude on special occasions like birthdays.', 289),
(468, 'Apricorn Box', 6, 'A handy box where you can store up to 99 Apricorns of each kind.', 23),
(469, 'Unown Report', 6, 'A report of all the discovered kinds of UNOWN.', 819),
(470, 'Berry Pots', 6, 'Handy containers for cultivating Berries wherever you go.', 43),
(471, 'Dowsing Machine', 6, 'Searches for hidden items on the ground.', 183),
(472, 'Blue Card', 6, 'A card to save points for the Buena\'s Password show.', 66),
(473, 'Slowpoke Tail', 6, 'A very tasty tail of something. It sells for a high price.', 717),
(474, 'Clear Bell', 6, 'A very old-fashioned bell that makes a gentle ringing.', 110),
(477, 'Squirt Bottle', 6, 'A bottle used for watering plants in the Berry Pots.', 740),
(478, 'Red Scale', 6, 'A scale from the red GYARADOS. It glows red like a flame.', 627),
(479, 'Lost Item', 6, 'The Mime Jr. doll that was lost by the Copycat.', 413),
(480, 'Pass', 6, 'A ticket required for riding the Magnet Train. It allows you to ride whenever and however much you\'d like.', 533),
(481, 'Machine Part', 6, 'An important machine part for the Power Plant that was stolen.', 431),
(482, 'Silver Wing', 6, 'A strange, silvery feather that sparkles.', 712),
(483, 'Rainbow Wing', 6, 'A mystical rainbow feather that sparkles.', 612),
(484, 'Mystery Egg', 6, 'A mysterious Egg obtained from Mr. Pokémon. What\'s in the Egg is unknown.', 495),
(485, 'Red Apricorn', 4, 'A red Apricorn. It assails your nostrils.', 620),
(486, 'Blue Apricorn', 4, 'A blue Apricorn. It smells a bit like grass.', 65),
(487, 'Yellow Apricorn', 4, 'A yellow Apricorn. It has an invigorating scent.', 875),
(488, 'Green Apricorn', 4, 'A green Apricorn. It has a mysterious, aromatic scent.', 300),
(489, 'Pink Apricorn', 4, 'A pink Apricorn. It has a nice, sweet scent.', 549),
(490, 'White Apricorn', 4, 'A white Apricorn. It doesn\'t smell like anything.', 837),
(491, 'Black Apricorn', 4, 'A black Apricorn It has an indescribable scent.', 57),
(492, 'Fast Ball', 1, 'A Poké Ball that makes it easier to catch Pokémon which are quick to run away.', 237),
(493, 'Level Ball', 1, 'A Poké Ball for catching Pokémon that are a lower level than your own.', 400),
(494, 'Lure Ball', 1, 'A Poké Ball for catching Pokémon hooked by a Rod when fishing.', 425),
(495, 'Heavy Ball', 1, 'A Poké Ball for catching very heavy Pokémon.', 325),
(496, 'Love Ball', 1, 'Poké Ball for catching Pokémon that are the opposite gender of your Pokémon.', 414),
(497, 'Friend Ball', 1, 'A Poké Ball that makes caught Pokémon more friendly.', 265),
(498, 'Moon Ball', 1, 'A Poké Ball for catching Pokémon that evolve using the Moon Stone.', 489),
(499, 'Sport Ball', 1, 'A special Poké Ball for the Bug-Catching Contest.', 737),
(500, 'Park Ball', 1, 'A special Poké Ball for the Pal Park.', 531),
(501, 'Photo Album', 6, 'A nice photo album for storing all the photos taken along your adventure.', 542),
(502, 'GB Sounds', 6, 'A music player that allows you to listen to nostalgic songs. It\'s operated with a single switch.', 274),
(503, 'Tidal Bell', 6, 'A very old-fashioned bell that makes a gentle ringing.', 781),
(504, 'Rage Candy Bar', 2, 'Heals all major status conditions.', 609),
(505, 'Data Card 01', 6, 'It holds Pokéathlon records. It\'s a card that shows how many victories you\'ve had.', 134),
(506, 'Data Card 02', 6, 'It holds Pokéathlon records. It\'s a card that shows how many losses you\'ve had.', 135),
(507, 'Data Card 03', 6, 'It holds Pokéathlon records. It\'s a card that shows how many times your Pokémon have dashed.', 136),
(508, 'Data Card 04', 6, 'It holds Pokéathlon records. It\'s a card that shows how many times your Pokémon have jumped.', 137),
(509, 'Data Card 05', 6, 'It holds Pokéathlon records. It\'s a card that shows how many times you\'ve won the Hurdle Dash.', 138),
(510, 'Data Card 06', 6, 'It holds Pokéathlon records. It\'s a card that shows how many times you\'ve won the Relay Run.', 139),
(511, 'Data Card 07', 6, 'It holds Pokéathlon records. It\'s a card that shows how many times you\'ve won Pennant Capture.', 140),
(512, 'Data Card 08', 6, 'It holds Pokéathlon records. It\'s a card that shows how many times you\'ve won Block Smash.', 141),
(513, 'Data Card 09', 6, 'It holds Pokéathlon records. It\'s a card that shows how many times you\'ve won Disc Catch.', 142),
(514, 'Data Card 10', 6, 'It holds Pokéathlon records. It\'s a card that shows how many times you\'ve won Snow Throw.', 143),
(515, 'Data Card 11', 6, 'It holds Pokéathlon records. It\'s a card that shows how many points your Pokémon scored.', 144),
(516, 'Data Card 12', 6, 'It holds Pokéathlon records. It\'s a card that shows how many times your Pokémon have failed.', 145),
(517, 'Data Card 13', 6, 'It holds Pokéathlon records. It\'s a card that shows how many times your Pokémon impeded themselves.', 146),
(518, 'Data Card 14', 6, 'It holds Pokéathlon records. It\'s a card that shows how many times your Pokémon have tackled.', 147),
(519, 'Data Card 15', 6, 'It holds Pokéathlon records. It\'s a card that shows how many times your Pokémon have fallen down.', 148),
(520, 'Data Card 16', 6, 'It holds Pokéathlon records. It\'s a card that shows how many times you\'ve won Ring Drop.', 149),
(521, 'Data Card 17', 6, 'It holds Pokéathlon records. It\'s a card that shows how many times you\'ve won Lamp Jump.', 150),
(522, 'Data Card 18', 6, 'It holds Pokéathlon records. It\'s a card that shows how many times you\'ve won Circle Push.', 151),
(523, 'Data Card 19', 6, 'It holds Pokéathlon records. It\'s a card that shows how many Link Pokéathlon wins you\'ve had.', 152),
(524, 'Data Card 20', 6, 'It holds Pokéathlon records. It\'s a card that shows how many Link Pokéathlon losses you\'ve had.', 153),
(525, 'Data Card 21', 6, 'It holds Pokéathlon records. It\'s a card that shows how many times you\'ve won an event.', 154),
(526, 'Data Card 22', 6, 'It holds Pokéathlon records. It\'s a card that shows how many times you\'ve lost an event.', 155),
(527, 'Data Card 23', 6, 'It holds Pokéathlon records. It\'s a card that shows how many times you\'ve switched Pokémon.', 156),
(528, 'Data Card 24', 6, 'It holds Pokéathlon records. It\'s a card that shows how many times you\'ve won Goal Roll.', 157),
(529, 'Data Card 25', 6, 'It holds Pokéathlon records. It\'s a card that shows how many times your Pokémon won individual prizes.', 158),
(530, 'Data Card 26', 6, 'It holds Pokéathlon records. It\'s a card that shows how many times you\'ve instructed your Pokémon.', 159),
(531, 'Data Card 27', 6, 'It holds Pokéathlon records. It\'s a card that shows how much time you\'ve spent in the Pokéathlon.', 160),
(532, 'Jade Orb', 6, ' A shiny green orb that is said to have a legend and has a deep connection with the Hoenn region.', 371),
(533, 'Lock Capsule', 6, 'A sturdy Capsule that can only be opened with a special key.', 409),
(534, 'Red Orb', 6, 'A shiny red orb that is said to have a legend and has a deep connection with the Hoenn region.', 625),
(535, 'Blue Orb', 6, 'A shiny blue orb that is said to have a legend and has a deep connection with the Hoenn region.', 68),
(536, 'Enigma Stone', 6, 'A crystal ball that was excavated from the ground. A very beautiful stone that is covered with bits of rock and earth.', 219),
(539, 'Float Stone', 5, 'A very light stone. It reduces the weight of a Pokémon when held.', 255),
(540, 'Rocky Helmet', 5, 'If the holder of this item takes damage, the attacker will also be damaged upon contact.', 659),
(541, 'Air Balloon', 5, 'When held by a Pokémon, the Pokémon will float into the air. When the holder is attacked, this item will burst.', 12),
(542, 'Red Card', 5, 'A card with a mysterious power. When the holder is struck by a foe, the attacker is removed from battle.', 621),
(543, 'Ring Target', 5, 'Moves that would otherwise have no effect will land on the Pokémon that holds it.', 649),
(544, 'Binding Band', 5, 'A band that increases the power of binding moves when held.', 56),
(545, 'Absorb Bulb', 5, 'A consumable bulb. If the holder is hit by a Water-type move, its Sp. Atk will rise.', 4),
(546, 'Cell Battery', 5, 'A consumable battery. If the holder is hit by an Electric-type move, its Attack will rise.', 94),
(547, 'Eject Button', 5, 'If the holder is hit by an attack, it will switch with another Pokémon in your party.', 207),
(548, 'Fire Gem', 5, 'Increases the power of a Fire-type move only once.', 245),
(549, 'Water Gem', 5, 'Increases the power of a Water-type move only once.', 826),
(550, 'Electric Gem', 5, 'Increases the power of an Electric-type move only once.', 209),
(551, 'Grass Gem', 5, 'Increases the power of a Grass-type move only once.', 293),
(552, 'Ice Gem', 5, 'Increases the power of an Ice-type move only once.', 351),
(553, 'Fighting Gem', 5, 'Increases the power of a Fighting-type move only once.', 240),
(554, 'Poison Gem', 5, 'Increases the power of a Poison-type move only once.', 560),
(555, 'Ground Gem', 5, 'Increases the power of a Ground-type move only once.', 308),
(556, 'Flying Gem', 5, 'Increases the power of a Flying-type move only once.', 257),
(557, 'Psychic Gem', 5, 'Increases the power of a Psychic-type move only once.', 596),
(559, 'Rock Gem', 5, 'Increases the power of a Rock-type move only once.', 654),
(560, 'Ghost Gem', 5, 'Increases the power of a Ghost-type move only once.', 277),
(561, 'Dragon Gem', 5, 'Increases the power of a Dragon-type move only once.', 186),
(562, 'Dark Gem', 5, 'Increases the power of a Dark-type move only once.', 129);
INSERT INTO `items` (`id`, `name`, `type`, `description`, `spritesheet`) VALUES
(563, 'Steel Gem', 5, 'Increases the power of a Steel-type move only once.', 747),
(564, 'Normal Gem', 5, 'Increases the power of a Normal-type move only once.', 507),
(572, 'Cover Fossil', 4, 'A fossil of an ancient Pokémon that lived in the sea in ancient times. It appears to be part of its back.', 125),
(573, 'Plume Fossil', 4, 'A fossil of an ancient Pokémon that flew in the sky in ancient times. It appears to be part of its wing.', 556),
(574, 'Liberty Pass', 6, 'A special pass to go to Liberty Garden. Board the ship in Castelia City.', 401),
(575, 'Pass Orb', 5, 'A mysterious orb containing the power of the Unova region, to be used when generating Pass Power.', 532),
(576, 'Dream Ball', 1, 'A special Poké Ball that appears out of nowhere in a bag at the Entree Forest. It can catch any Pokémon.', 193),
(577, 'Poké Toy', 4, 'An item that attracts Pokémon. Use it to flee from any battle with a wild Pokémon.', 568),
(578, 'Prop Case', 6, 'A lovely case to store colorful Props for your Pokémon to wear in a musical.', 592),
(579, 'Dragon Skull', 6, 'A skull of a Pokémon which was said to have braved the angry waters to fly around the world.', 189),
(580, 'Balm Mushroom', 4, 'A rare mushroom which gives off a nice fragrance. A maniac will buy it for a high price.', 33),
(581, 'Big Nugget', 4, 'A big nugget of pure gold that gives off a lustrous gleam. A maniac will buy it for a high price.', 50),
(582, 'Pearl String', 4, 'Very large pearls that sparkle in a pretty silver color. A maniac will buy them for a high price.', 536),
(583, 'Comet Shard', 4, 'A shard which fell to the ground when a comet approached. A maniac will buy it for a high price.', 116),
(584, 'Relic Copper', 4, 'A copper coin used in a civilization about 3,000 years ago. A maniac will buy it for a high price.', 631),
(585, 'Relic Silver', 4, 'A silver coin used in a civilization about 3,000 years ago. A maniac will buy it for a high price.', 634),
(586, 'Relic Gold', 4, 'A gold coin used in a civilization about 3,000 years ago. A maniac will buy it for a high price.', 633),
(587, 'Relic Vase', 4, 'A vase made in a civilization about 3,000 years ago. A maniac will buy it for a high price.', 636),
(588, 'Relic Band', 4, 'A bracelet made in a civilization about 3,000 years ago. A maniac will buy it for a high price.', 630),
(589, 'Relic Statue', 4, 'A stone figure made in a civilization about 3,000 years ago. A maniac will buy it for a high price.', 635),
(590, 'Relic Crown', 4, 'A crown made in a civilization about 3,000 years ago. A maniac will buy it for a high price.', 632),
(591, 'Casteliacone', 2, 'Heals all major status conditions.', 93),
(592, 'Dire Hit 2', 3, 'Raises a Pokémon\'s critical-hit ratio in battle.', 173),
(593, 'X Speed 2', 3, 'Sharply raises Speed of a Pokémon in battle.', 865),
(594, 'X Sp. Atk 2', 3, 'Sharply raises Special Attack of a Pokémon in battle.', 134),
(595, 'X Sp. Def 2', 3, 'Sharply raises Special Defense of a Pokémon in battle.', 134),
(596, 'X Defense 2', 3, 'Sharply raises Defense of a Pokémon in battle.', 853),
(597, 'X Attack 2', 3, 'Sharply raises Attack of a Pokémon in battle.', 849),
(598, 'X Accuracy 2', 3, 'Sharply raises Accuracy of a Pokémon in battle.', 845),
(599, 'X Speed 3', 3, 'Drastically raises Speed of a Pokémon in battle.', 866),
(600, 'X Sp. Atk 3', 3, 'Drastically raises Special Attack of a Pokémon in battle.', 134),
(601, 'X Sp. Def 3', 3, 'Drastically raises Special Defense of a Pokémon in battle.', 134),
(602, 'X Defense 3', 3, 'Drastically raises Defense of a Pokémon in battle.', 854),
(603, 'X Attack 3', 3, 'Drastically raises Attack of a Pokémon in battle.', 850),
(604, 'X Accuracy 3', 3, 'Drastically raises Accuracy of a Pokémon in battle.', 846),
(605, 'X Speed 6', 3, 'Immensely raises Speed of a Pokémon in battle.', 867),
(607, 'X Sp. Def 6', 3, 'Immensely raises Special Defense of a Pokémon in battle.', 134),
(608, 'X Defense 6', 3, 'Immensely raises Defense of a Pokémon in battle.', 855),
(609, 'X Attack 6', 3, 'Immensely raises Attack of a Pokémon in battle.', 851),
(610, 'X Accuracy 6', 3, 'Immensely raises Accuracy of a Pokémon in battle.', 847),
(611, 'Ability Urge', 3, 'When used, it activates the Ability of an ally Pokémon.', 1),
(612, 'Item Drop', 3, 'When used, it causes an ally Pokémon to drop a held item.', 368),
(613, 'Item Urge', 3, 'When used, it causes an ally Pokémon to use its held item.', 369),
(614, 'Reset Urge', 3, 'When used, it restores any stat changes of an ally Pokémon.', 640),
(615, 'Dire Hit 3', 3, 'Greatly raises a Pokémon\'s critical-hit ratio in battle.', 174),
(616, 'Light Stone', 6, 'Reshiram\'s body was destroyed and changed into this stone. It is said to be waiting for the emergence of a hero.', 407),
(617, 'Dark Stone', 6, 'Zekrom\'s body was destroyed and changed into this stone. It is said to be waiting for the emergence of a hero.', 131),
(618, 'TM93', 8, 'Teaches the move Wild Charge.', 134),
(619, 'TM94', 8, 'Teaches the move Rock Smash/Surf.', 134),
(620, 'TM95', 8, 'Teaches the move Snarl.', 134),
(623, 'Gram 1', 6, 'An important letter which Wingull delivers.', 290),
(624, 'Gram 2', 6, 'An important letter which Wingull delivers.', 291),
(625, 'Gram 3', 6, 'An important letter which Wingull delivers.', 292),
(626, 'Xtransceiver', 6, 'A high-tech transceiver with a camera function. It allows up to four-way calls.', 873),
(627, 'Medal Box', 6, 'A box-shaped machine that stores Medals and Medal information.', 454),
(629, 'DNA Splicers', 4, 'A splicer that fuses Kyurem and a certain Pokémon. They are said to have been one in the beginning.', 180),
(630, 'Permit', 4, 'A permit that is needed to enter the Nature Preserve. Not many know about it.', 539),
(631, 'Oval Charm', 4, 'An oval charm said to increase the chance of Pokémon Eggs being found at the Day Care.', 524),
(632, 'Shiny Charm', 4, 'A shiny charm said to increase the chance of finding a Shiny Pokémon in the wild.', 703),
(633, 'Plasma Card', 5, 'A card key needed to enter the password inside the Plasma Frigate.', 555),
(634, 'Grubby Hanky', 5, 'A handkerchief dropped by a regular at Café Warehouse. It smells faintly like a Pokémon.', 313),
(635, 'Colress Machine', 5, 'A special device that wrings out the potential of Pokémon. It is an imperfect prototype.', 115),
(637, 'Dropped Item', 5, 'The Xtransceiver found at the Nimbasa City amusement park. It seems it belongs to a boy.', 199),
(638, 'Reveal Glass', 4, 'A looking glass that reveals the truth. It\'s a mysterious glass that returns a Pokémon to its original shape.', 643),
(639, 'Weakness Policy', 5, 'Sharply raises Attack and Special Attack if hit by a super-effective move.', 834),
(640, 'Assault Vest', 5, 'Raises Special Defense but prevents the use of status moves.', 27),
(642, 'Prof\'s Letter', 5, 'A letter that Professor Sycamore wrote to your mother. A faint but pleasant perfume seems to cling to the paper.', 134),
(643, 'Roller Skates', 4, 'Attaches roller skates to the bottom of your shoes, allowing you to glide quickly around and perform tricks.', 660),
(644, 'Pixie Plate', 5, 'Increases power of Fairy-type moves. Changes Arceus\' type to Fairy.', 554),
(645, 'Ability Capsule', 5, 'A capsule that allows a Pokémon with two Abilities to switch between these Abilities when it is used.', 0),
(646, 'Whipped Dream', 4, 'Evolves Swirlix when traded holding the item.', 836),
(647, 'Sachet', 4, 'Evolves Spritzee when traded holding the item.', 680),
(648, 'Luminous Moss', 5, 'Raises Special Defense if hit by a Water-type move.', 420),
(649, 'Snowball', 5, 'Raises Attack if hit by an Ice-type move.', 723),
(650, 'Safety Goggles', 5, 'Prevents damage from weather and powder.', 683),
(651, 'Poké Flute', 6, 'A flute that is said to instantly awaken any POKéMON. It has a lovely tone.', 566),
(652, 'Rich Mulch', 6, 'Mulch to be used in a Berry field. It increases the Berry harvest without the need for particularly diligent care.', 646),
(653, 'Surprise Mulch', 6, 'Mulch to be used in a Berry field. It causes strange, sudden mutations based on the combination of Berries.', 767),
(654, 'Boost Mulch', 6, 'Mulch to be used in a Berry field. It increases the Berry harvest that can be grown by diligent watering.', 73),
(655, 'Amaze Mulch', 6, 'Mulch to be used in a Berry field. An amazing Mulch with the effects of Rich, Surprise, and Boost Mulch.', 18),
(656, 'Gengarite', 5, 'Enables Gengar to Mega Evolve during battle.', 275),
(657, 'Gardevoirite', 5, 'Enables Gardevoir to Mega Evolve during battle.', 273),
(658, 'Ampharosite', 5, 'Enables Ampharos to Mega Evolve during battle.', 19),
(659, 'Venusaurite', 5, 'Enables Venusaur to Mega Evolve during battle.', 821),
(660, 'Charizardite X', 5, 'Enables Charizard to Mega Evolve during battle.', 96),
(661, 'Blastoisinite', 5, 'Enables Blastoise to Mega Evolve during battle.', 62),
(662, 'Mewtwonite X', 5, 'Enables Mewtwo to Mega Evolve during battle.', 480),
(663, 'Mewtwonite Y', 5, 'Enables Mewtwo to Mega Evolve during battle.', 481),
(664, 'Blazikenite', 5, 'Enables Blaziken to Mega Evolve during battle.', 63),
(665, 'Medichamite', 5, 'Enables Medicham to Mega Evolve during battle.', 455),
(666, 'Houndoominite', 5, 'Enables Houndoom to Mega Evolve during battle.', 347),
(667, 'Aggronite', 5, 'Enables Aggron to Mega Evolve during battle.', 10),
(668, 'Banettite', 5, 'Enables Banette to Mega Evolve during battle.', 34),
(669, 'Tyranitarite', 5, 'Enables Tyranitar to Mega Evolve during battle.', 814),
(670, 'Scizorite', 5, 'Enables Scizor to Mega Evolve during battle.', 690),
(671, 'Pinsirite', 5, 'Enables Pinsir to Mega Evolve during battle.', 553),
(672, 'Aerodactylite', 5, 'Enables Aerodactyl to Mega Evolve during battle.', 9),
(673, 'Lucarionite', 5, 'Enables Lucario to Mega Evolve during battle.', 415),
(674, 'Abomasite', 5, 'Enables Abomasnow to Mega Evolve during battle.', 2),
(675, 'Kangaskhanite', 5, 'Enables Kangaskhan to Mega Evolve during battle.', 374),
(676, 'Gyaradosite', 5, 'Enables Gyarados to Mega Evolve during battle.', 315),
(677, 'Absolite', 5, 'Enables Absol to Mega Evolve during battle.', 3),
(678, 'Charizardite Y', 5, 'Enables Charizard to Mega Evolve during battle.', 97),
(679, 'Alakazite', 5, 'Enables Alakazam to Mega Evolve during battle.', 14),
(680, 'Heracronite', 5, 'Enables Heracross to Mega Evolve during battle.', 327),
(681, 'Mawilite', 5, 'Enables Mawile to Mega Evolve during battle.', 446),
(682, 'Manectite', 5, 'Enables Manectric to Mega Evolve during battle.', 441),
(683, 'Garchompite', 5, 'Enables Garchomp to Mega Evolve during battle.', 272),
(684, 'Latiasite', 5, 'Enables Latias to Mega Evolve during battle.', 389),
(685, 'Latiosite', 5, 'Enables Latios to Mega Evolve during battle.', 390),
(686, 'Roseli Berry', 7, 'If held by a Pokémon, this Berry will lessen the damage taken from one supereffective Fairy-type attack.', 663),
(687, 'Kee Berry', 7, 'If held by a Pokémon, this Berry will increase the holder\'s Defense if it\'s hit with a physical move.', 377),
(688, 'Maranga Berry', 7, 'If held by a Pokémon, this Berry will increase the holder\'s Sp. Def if it\'s hit with a special move.', 442),
(689, 'Sprinklotad', 4, 'A watering can shaped like a Lotad. It helps promote the healthy growth of any Berries planted in good, soft soil.', 739),
(690, 'TM96', 8, 'Teaches the move Nature Power.', 134),
(691, 'TM97', 8, 'Teaches the move Dark Pulse.', 134),
(692, 'TM98', 8, 'Teaches the move Power-Up Punch/Waterfall.', 134),
(693, 'TM99', 8, 'Teaches the move Dazzling Gleam.', 134),
(694, 'TM100', 8, 'Teaches the move Confide.', 134),
(695, 'Power Plant Pass', 5, 'This pass serves as an ID card for gaining access to the power plant that lies along Route 13.', 580),
(696, 'Mega Ring', 6, 'Enables Pokémon carrying Mega Stones to Mega Evolve in battle.', 464),
(697, 'Intriguing Stone', 5, 'A rather curious stone that might appear to be valuable to some. It\'s all in the eye of the beholder.', 364),
(699, 'Discount Coupon', 4, 'This special coupon allows you to buy items at a discount when you are shopping at a boutique.', 176),
(700, 'Elevator Key', 5, 'A card key that activates the elevator in Lysandre Labs. It is emblazoned with Team Flare\'s logo.', 214),
(701, 'TMV Pass', 4, 'A commuter pass that allows the holder to ride the TMV between Lumiose City and Kiloude City at any time.', 803),
(704, 'Strange Souvenir', 4, 'An ornament depicting a Pokémon that is venerated as a protector in some region far from Kalos.', 759),
(705, 'Lens Case', 6, 'A rather chic-looking case for carrying contact lenses.', 397),
(706, 'Makeup Bag', 6, 'A rather chic-looking case for carrying lipsticks.', 440),
(708, 'Lumiose Galette', 2, 'Heals all major status conditions.', 421),
(709, 'Shalour Sable', 2, 'Heals all major status conditions.', 698),
(712, 'Looker Ticket', 5, 'A ticket that was handmade by Looker. It\'s decorated with a liberal amount of glittery paint.', 410),
(713, 'Bike', 6, 'A folding Bike that enables a rider to get around much faster than with Running Shoes.', 134),
(714, 'Holo Caster', 6, 'A device that allows users to receive and view hologram clips at any time. It is also used to chat with others.', 343),
(715, 'Fairy Gem', 4, 'Increases the power of a Fairy-type move only once.', 233),
(718, 'Mach Bike', 6, 'A folding bicycle that is at least twice as fast as walking.', 430),
(719, 'Acro Bike', 6, 'A folding bicycle that is capable of stunts like jumps and wheelies.', 5),
(720, 'Wailmer Pail', 6, 'A nifty watering pail. Use it to promote strong growth in BERRIES planted in soft soil.', 825),
(721, 'Devon Parts', 6, 'A case that contains mechanical parts of some sort made by the Devon Corporation.', 169),
(722, 'Soot Sack', 6, 'A sack used to collect volcanic ash automatically during walks over deep ash.', 728),
(723, 'Basement Key', 6, 'A key that opens a door in the Goldenrod Tunnel.', 37),
(724, 'Pokéblock Kit', 6, 'A set containing a Berry Blender for making Pokéblocks and a Pokéblock Case for storing Pokéblocks.', 570),
(725, 'Letter', 6, 'An extremely important letter to STEVEN from the PRESIDENT of the DEVON CORPORATION.', 399),
(726, 'Eon Ticket', 6, 'The ticket required for sailing on a ferry to a distant southern island. It features a drawing of an island.', 222),
(727, 'Scanner', 6, 'A device used to search for life-forms in water. It looks too difficult to use.', 688),
(728, 'Go-Goggles', 6, 'A pair of protective goggles. They enable a TRAINER to travel through even desert sandstorms.', 283),
(730, 'Key to Room 1', 6, 'Unlocks Room 1 in Abandoned Ship/Sea Mauville.', 380),
(731, 'Key to Room 2', 6, 'Unlocks Room 2 in Abandoned Ship/Sea Mauville.', 381),
(732, 'Key to Room 4', 6, 'Unlocks Room 4 in Abandoned Ship/Sea Mauville.', 382),
(733, 'Key to Room 6', 6, 'Unlocks Room 6 in Abandoned Ship/Sea Mauville.', 383),
(734, 'Storage Key', 6, 'The key to Team Galactic\'s sinister warehouse located at the edge of Veilstone City.', 758),
(735, 'Devon Scope', 6, 'A scope that signals the presence of any unseeable POKéMON. It is made by the DEVON CORP.', 170),
(737, 'HM07', 8, 'Teaches the move Waterfall.', 338),
(738, 'Devon Scuba Gear', 6, 'A device made by Devon Corporation that provides oxygen to users during the use of Dive.', 171),
(740, 'Contest Costume', 6, 'A very cool suit to be worn during the Contest Spectacular.', 134),
(741, 'Magma Suit', 6, 'A suit made with the collective technological know-how of Team Magma. It can withstand any impact.', 435),
(742, 'Aqua Suit', 6, 'A suit made with the collective technological know-how of Team Aqua. It can withstand any impact.', 24),
(743, 'Pair of Tickets', 6, 'Tickets for two to the astronomical show being held at the Mossdeep Space Center.', 526),
(744, 'Mega Bracelet', 6, 'This cuff contains an untold power that somehow enables Pokémon carrying a Mega Stone to Mega Evolve in battle.', 458),
(752, 'Swampertite', 5, 'Enables Swampert to Mega Evolve during battle.', 768),
(753, 'Sceptilite', 5, 'Enables Sceptile to Mega Evolve during battle.', 689),
(754, 'Sablenite', 5, 'Enables Sableye to Mega Evolve during battle.', 679),
(755, 'Altarianite', 5, 'Enables Altaria to Mega Evolve during battle.', 17),
(756, 'Galladite', 5, 'Enables Gallade to Mega Evolve during battle.', 270),
(757, 'Audinite', 5, 'Enables Audino to Mega Evolve during battle.', 28),
(758, 'Metagrossite', 5, 'Enables Metagross to Mega Evolve during battle.', 469),
(759, 'Sharpedonite', 5, 'Enables Sharpedo to Mega Evolve during battle.', 700),
(760, 'Slowbronite', 5, 'Enables Slowbro to Mega Evolve during battle.', 716),
(761, 'Steelixite', 5, 'Enables Steelix to Mega Evolve during battle.', 752),
(762, 'Pidgeotite', 5, 'Enables Pidgeot to Mega Evolve during battle.', 543),
(763, 'Glalitite', 5, 'Enables Glalie to Mega Evolve during battle.', 281),
(764, 'Diancite', 5, 'Enables Diancie to Mega Evolve during battle.', 172),
(765, 'Prison Bottle', 5, 'Transforms Hoopa Confined to Hoopa Unbound.', 589),
(767, 'Cameruptite', 5, 'Enables Camerupt to Mega Evolve during battle.', 90),
(768, 'Lopunnite', 5, 'Enables Lopunny to Mega Evolve during battle.', 412),
(769, 'Salamencite', 5, 'Enables Salamence to Mega Evolve during battle.', 686),
(770, 'Beedrillite', 5, 'Enables Beedrill to Mega Evolve during battle.', 40),
(772, 'Meteorite', 6, 'A meteorite that fell from space onto MT. MOON long ago. It is very lumpy and hard.', 476),
(773, 'Key Stone', 6, 'A stone filled with an unexplained power. It makes Pokémon that battle with a Mega Stone Mega Evolve.', 379),
(774, 'Meteorite Shard', 6, 'One of the fragments of a Meteorite from Granite Cave. It\'s faintly warm to the touch.', 475),
(775, 'Eon Flute', 6, 'A flute that can be used to summon Latios or Latias no matter where you are.', 221),
(795, 'Bottle Cap', 4, 'Maximizes one IV stat in Hyper Training.', 74),
(796, 'Gold Bottle Cap', 4, 'Maximizes all of a Pokémon\'s IV stats in Hyper Training.', 285),
(797, 'Z-Ring', 6, 'A mysterious ring that enables Pokémon to use Z-Power. It requires both the willpower and the physical power of the Trainer wearing it.', 882),
(807, 'Normalium Z', 5, 'Allows the use of Breakneck Blitz, the Normal type Z-Move.', 134),
(808, 'Firium Z', 5, 'Allows the use of Inferno Overdrive, the Fire type Z-Move.', 134),
(809, 'Waterium Z', 5, 'Allows the use of Hydro Vortex, the Water type Z-Move.', 134),
(810, 'Electrium Z', 5, 'Allows the use of Gigavolt Havoc, the Electric type Z-Move.', 134),
(811, 'Grassium Z', 5, 'Allows the use of Bloom Doom, the Grass type Z-Move.', 134),
(812, 'Icium Z', 5, 'Allows the use of Subzero Slammer, the Ice type Z-Move.', 134),
(813, 'Fightinium Z', 5, 'Allows the use of All-Out Pummeling, the Fighting type Z-Move.', 134),
(814, 'Poisonium Z', 5, 'Allows the use of Acid Downpour, the Poison type Z-Move.', 134),
(815, 'Groundium Z', 5, 'Allows the use of Tectonic Rage, the Ground type Z-Move.', 134),
(816, 'Flyinium Z', 5, 'Allows the use of Supersonic Skystrike, the Flying type Z-Move.', 134),
(817, 'Psychium Z', 5, 'Allows the use of Shattered Psyche, the Psychic type Z-Move.', 134),
(818, 'Buginium Z', 5, 'Allows the use of Savage Spin-Out, the Bug type Z-Move.', 134),
(819, 'Rockium Z', 5, 'Allows the use of Continental Crush, the Rock type Z-Move.', 134),
(820, 'Ghostium Z', 5, 'Allows the use of Never-Ending Nightmare, the Ghost type Z-Move.', 134),
(821, 'Dragonium Z', 5, 'Allows the use of Devastating Drake, the Dragon type Z-Move.', 134),
(822, 'Darkinium Z', 5, 'Allows the use of Black Hole Eclipse, the Dark type Z-Move.', 134),
(823, 'Steelium Z', 5, 'Allows the use of Corkscrew Crash, the Steel type Z-Move.', 134),
(824, 'Fairium Z', 5, 'Allows the use of Twinkle Tackle, the Fairy type Z-Move.', 134),
(825, 'Pikanium Z', 5, 'Allows Pikachu to upgrade Volt Tackle to a Z-Move, Catastropika.', 134),
(826, 'Decidium Z', 5, 'Allows Decidueye to upgrade Spirit Shackle to a Z-Move, Sinister Arrow Raid.', 134),
(827, 'Incinium Z', 5, 'Allows Incineroar to upgrade Darkest Lariat to a Z-Move, Malicious Moonsault.', 134),
(828, 'Primarium Z', 5, 'Allows Primarina to upgrade Sparkling Aria to a Z-Move, Oceanic Operetta.', 134),
(829, 'Tapunium Z', 5, 'Allows the Tapus to upgrade Nature\'s Madness to a Z-Move, Guardian of Alola.', 134),
(830, 'Marshadium Z', 5, 'Allows Marshadow to upgrade Spectral Thief to a Z-Move, Soul-Stealing 7-Star Strike.', 134),
(831, 'Aloraichium Z', 5, 'Allows Alolan Raichu to upgrade Thunderbolt to a Z-Move, Stoked Sparksurfer.', 134),
(832, 'Snorlium Z', 5, 'Allows Snorlax to upgrade Giga Impact to a Z-Move, Pulverizing Pancake.', 134),
(833, 'Eevium Z', 5, 'Allows Eevee to upgrade Last Resort to a Z-Move, Extreme Evoboost.', 134),
(834, 'Mewnium Z', 5, 'Allows Mew to upgrade Psychic to a Z-Move, Genesis Supernova.', 134),
(836, 'Pikashunium Z', 5, 'Allows Pikachu in a cap to upgrade Thunderbolt to a Z-Move, 10,000,000 Volt Thunderbolt.', 134),
(841, 'Forage Bag', 6, 'A bag to carry ingredients gathered during Mallow\'s trial in the jungle.', 263),
(843, 'Professor\'s Mask', 6, 'The mask that belongs to The Masked Royal. This pro wrestler apparently sews his mask on a machine himself.', 134),
(844, 'Festival Ticket', 4, 'A ticket that allows you to host a mission in Festival Plaza.', 239),
(845, 'Sparkling Stone', 6, 'A stone entrusted by a Pokémon that has been venerated as a guardian deity in the Alola region. There is said to be some secret in how it sparkles.', 732),
(846, 'Adrenaline Orb', 5, 'Using it makes wild Pokémon more likely to call for help. If held by a Pokémon, it boosts Speed when intimidated. It can be used only once.', 7),
(847, 'Zygarde Cube', 6, 'An item to store Zygarde Cores and Cells. You can also use it to teach Zygarde moves.', 886),
(849, 'Ice Stone', 4, 'Evolves certain species of Pokémon.', 354),
(850, 'Ride Pager', 6, 'By entering certain numbers on this pager, you can summon Ride Pokémon in an instant.', 647),
(851, 'Beast Ball', 1, 'A special Poké Ball designed to catch Ultra Beasts. It has a low success rate for catching others.', 39),
(852, 'Big Malasada', 2, 'Heals all major status conditions.', 48),
(853, 'Red Nectar', 5, 'A flower nectar obtained at Ula\'ula Meadow. It changes the form of certain species of Pokémon.', 624),
(854, 'Yellow Nectar', 5, 'A flower nectar obtained at Melemele Meadow. It changes the form of certain species of Pokémon.', 877),
(855, 'Pink Nectar', 5, 'The flower nectar obtained at the flowering shrubs on Royal Avenue. It changes the form of certain species of Pokémon.', 550),
(856, 'Purple Nectar', 5, 'A flower nectar obtained at Poni Meadow. It changes the form of certain species of Pokémon.', 602),
(857, 'Sun Flute', 6, 'It is said that the tones it produces were offered up as an expression of gratitude to the Legendary Pokémon of the sun.', 761),
(858, 'Moon Flute', 6, 'It is said that the tones it produces were offered up as an expression of gratitude to the Legendary Pokémon of the moon.', 490),
(860, 'Enigmatic Card', 6, 'A mysterious card. Written on it is a request for you to go to a guest room in an Akala motel on Route 8.', 220),
(861, 'place_holder', 7, 'Makes a Pokémon easier to catch in Pokémon Let\'s Go.', 134),
(862, 'place_holder', 7, 'Makes a Pokémon easier to catch in Pokémon Let\'s Go.', 134),
(863, 'place_holder', 7, 'Greatly calms a Pokémon in battle, in Let\'s Go Pikachu/Eevee.', 134),
(864, 'place_holder', 7, 'Drastically calms a Pokémon in battle, in Let\'s Go Pikachu/Eevee.', 134),
(865, 'place_holder', 7, 'Greatly increases chance of getting items when a Pokémon is caught, in Pokémon Let\'s Go.', 134),
(866, 'place_holder', 7, 'Drastically increases chance of getting items when a Pokémon is caught, in Pokémon Let\'s Go.', 134),
(872, 'Secret Key', 6, 'A high-tech key that has to be used at a specific location. It emits a special electric signal to open a door.', 695),
(873, 'S.S. Ticket', 6, 'The ticket required for sailing on the ferry S.S. Aqua. It has a drawing of a ship on it.', 134),
(874, 'place_holder', 6, 'A scope that makes unseeable POKéMON visible. It is made by SILPH CO.', 134),
(875, 'Parcel', 6, 'A parcel entrusted in your care. You are supposed to deliver it to your childhood friend who left Twinleaf Town.', 530),
(876, 'Card Key', 6, 'A card key that opens a shutter in the Radio Tower.', 92),
(877, 'place_holder', 6, 'A set of false teeth lost by the SAFARI ZONE\'S WARDEN. It makes his smile sparkle.', 134),
(878, 'place_holder', 6, 'A key that operates the elevator in TEAM ROCKET\'s HIDEOUT. It bears the TEAM ROCKET logo.', 134),
(879, 'Terrain Extender', 5, 'An item to be held by a Pokémon. It extends the duration of the terrain caused by the holder\'s move or Ability.', 777),
(880, 'Protective Pads', 5, 'An item to be held by a Pokémon. These pads protect the holder from effects caused by making direct contact with the target.', 593),
(881, 'Electric Seed', 5, 'An item to be held by a Pokémon. It boosts Defense on Electric Terrain. It can only be used once.', 211),
(882, 'Psychic Seed', 5, 'An item to be held by a Pokémon. It boosts Sp. Def on Psychic Terrain. It can only be used once.', 598),
(883, 'Misty Seed', 5, 'An item to be held by a Pokémon. It boosts Sp. Def on Misty Terrain. It can only be used once.', 487),
(884, 'Grassy Seed', 5, 'An item to be held by a Pokémon. It boosts Defense on Grassy Terrain. It can only be used once.', 298),
(885, 'place_holder', 4, '', 134),
(886, 'place_holder', 4, 'A small whitish stone picked up at the edge of the road.', 134),
(887, 'place_holder', 4, '', 134),
(888, 'place_holder', 4, '', 134),
(889, 'place_holder', 4, 'A piece of colored glass. Waves have rounded its edges. It\'s slightly rough to the touch.', 134),
(890, 'place_holder', 4, '', 134),
(891, 'place_holder', 4, '', 134),
(892, 'place_holder', 4, '', 134),
(893, 'place_holder', 4, '', 134),
(895, 'place_holder', 4, 'A letter written on a leaf. Something is written using Eevee\'s footprints.', 134),
(896, 'place_holder', 4, '', 134),
(900, 'place_holder', 4, 'Attracts Pokémon in the wild.', 134),
(901, 'place_holder', 4, 'Attracts Pokémon in the wild.', 134),
(902, 'place_holder', 4, 'Attracts Pokémon in the wild.', 134),
(903, 'place_holder', 2, 'Heals all major status conditions.', 134),
(904, 'Fighting Memory', 5, 'Changes Silvally and its move Multi-Attack to Fighting type.', 241),
(905, 'Flying Memory', 5, 'Changes Silvally and its move Multi-Attack to Flying type.', 258),
(906, 'Poison Memory', 5, 'Changes Silvally and its move Multi-Attack to Poison type.', 561),
(907, 'Ground Memory', 5, 'Changes Silvally and its move Multi-Attack to Ground type.', 309),
(908, 'Rock Memory', 5, 'Changes Silvally and its move Multi-Attack to Rock type.', 656),
(909, 'Bug Memory', 5, 'Changes Silvally and its move Multi-Attack to Bug type.', 84),
(910, 'Ghost Memory', 5, 'Changes Silvally and its move Multi-Attack to Ghost type.', 278),
(911, 'Steel Memory', 5, 'Changes Silvally and its move Multi-Attack to Steel type.', 749),
(912, 'Fire Memory', 5, 'Changes Silvally and its move Multi-Attack to Fire type.', 246),
(913, 'Water Memory', 5, 'Changes Silvally and its move Multi-Attack to Water type.', 827),
(914, 'Grass Memory', 5, 'Changes Silvally and its move Multi-Attack to Grass type.', 295),
(915, 'Electric Memory', 5, 'Changes Silvally and its move Multi-Attack to Electric type.', 210),
(916, 'Psychic Memory', 5, 'Changes Silvally and its move Multi-Attack to Psychic type.', 597),
(917, 'Ice Memory', 5, 'Changes Silvally and its move Multi-Attack to Ice type.', 353),
(918, 'Dragon Memory', 5, 'Changes Silvally and its move Multi-Attack to Dragon type.', 187),
(919, 'Dark Memory', 5, 'Changes Silvally and its move Multi-Attack to Dark type.', 130),
(920, 'Fairy Memory', 5, 'Changes Silvally and its move Multi-Attack to Fairy type.', 234),
(927, 'Solganium Z', 5, 'Allows Solgaleo to upgrade Sunsteel Strike to a Z-Move, Searing Sunraze Smash.', 134),
(928, 'Lunalium Z', 5, 'Allows Lunala to upgrade Moongeist Beam to a Z-Move, Menacing Moonraze Maelstrom.', 134),
(929, 'Ultranecrozium Z', 5, 'Allows Ultra Necrozma to upgrade Photon Geyser to a Z-Move, Light That Burns the Sky.', 134),
(930, 'Mimikium Z', 5, 'Allows Mimikyu to upgrade Play Rough to a Z-Move, Let\'s Snuggle Forever.', 134),
(931, 'Lycanium Z', 5, 'Allows Lycanroc to upgrade Stone Edge to a Z-Move, Splintered Stormshards.', 134),
(932, 'Kommonium Z', 5, 'Allows Kommo-o to upgrade Clanging Scales to a Z-Move, Clangorous Soulblaze.', 134),
(934, 'Pink Petal', 6, 'Petal received from Mina during Mina\'s trial.', 551),
(935, 'Orange Petal', 6, 'Petal received from Ilima during Mina\'s trial.', 523),
(936, 'Blue Petal', 6, 'Petal received from Lana during Mina\'s trial.', 69),
(937, 'Red Petal', 6, 'Petal received from Kiawe during Mina\'s trial.', 626),
(938, 'Green Petal', 6, 'Petal received from Mallow during Mina\'s trial.', 301),
(939, 'Yellow Petal', 6, 'Petal received from Sophocles during Mina\'s trial.', 878),
(940, 'Purple Petal', 6, 'Petal received from Nanu during Mina\'s trial.', 603),
(941, 'Rainbow Flower', 6, 'Flower made of the petals received from captains.', 610),
(942, 'Surge Badge', 6, 'Novelty badge from the Kantonian Gym.', 766),
(945, 'N-Solarizer', 6, 'A machine to fuse/separate Necrozma and Solgaleo.', 134),
(946, 'N-Lunarizer', 6, ' A machine to fuse/separate Necrozma and Lunala.', 134),
(948, 'Left Poké Ball', 6, 'A Poké Ball with a Pokémon that lost its Trainer inside.', 394),
(949, 'Roto Hatch', 3, 'Helps Eggs hatch faster.', 670),
(950, 'Roto Bargain', 3, 'Reduces the prices of products at Poké Marts by half.', 664),
(951, 'Roto Prize Money', 3, 'Triples the prize money you receive after battle.', 673),
(952, 'Roto Exp. Points', 3, 'Increases the Exp. Points your Pokémon receive after battle a little.', 134),
(953, 'Roto Friendship', 3, 'Helps Pokémon in your party grow friendly faster.', 669),
(954, 'Roto Encounter', 3, 'Increases the chance of encountering high-level wild Pokémon a lot for a certain period of time.', 667),
(955, 'Roto Stealth', 3, 'Prevents you from encountering wild Pokémon for a certain period of time.', 674),
(956, 'Roto HP Restore', 3, 'Fully restores the HP of your battling Pokémon.', 671),
(957, 'Roto PP Restore', 3, 'Fully restores the PP of your battling Pokémon.', 672),
(958, 'Roto Boost', 3, 'Raises all stats of your battling Pokémon.', 665),
(959, 'Roto Catch', 3, 'Increases the chance to catch Pokémon a lot.', 666),
(960, 'Health Candy', 2, 'Increases a Pokémon\'s HP stat by 1.', 134),
(961, 'Mighty Candy', 2, 'Increases a Pokémon\'s Attack stat by 1.', 134),
(962, 'Tough Candy', 2, 'Increases a Pokémon\'s Defense stat by 1.', 134),
(963, 'Smart Candy', 2, 'Increases a Pokémon\'s Special Attack stat by 1.', 134),
(964, 'Courage Candy', 2, 'Increases a Pokémon\'s Special Defense stat by 1.', 134),
(965, 'Quick Candy', 2, 'Increases a Pokémon\'s Speed stat by 1.', 134),
(966, 'Health Candy L', 2, 'Increases a Pokémon\'s HP stat.', 134),
(967, 'Mighty Candy L', 2, 'Increases a Pokémon\'s Attack stat.', 134),
(968, 'Tough Candy L', 2, 'Increases a Pokémon\'s Defense stat.', 134),
(969, 'Smart Candy L', 2, 'Increases a Pokémon\'s Special Attack stat.', 134),
(970, 'Courage Candy L', 2, 'Increases a Pokémon\'s Special Defense stat.', 134),
(971, 'Quick Candy L', 2, 'Increases a Pokémon\'s Speed stat.', 134),
(972, 'Health Candy XL', 2, 'Increases a Pokémon\'s HP stat.', 134),
(973, 'Mighty Candy XL', 2, 'Increases a Pokémon\'s Attack stat.', 134),
(974, 'Tough Candy XL', 2, 'Increases a Pokémon\'s Defense stat.', 134),
(975, 'Smart Candy XL', 2, 'Increases a Pokémon\'s Special Attack stat.', 134),
(976, 'Courage Candy XL', 2, 'Increases a Pokémon\'s Special Defense stat.', 134),
(977, 'Quick Candy XL', 2, 'Increases a Pokémon\'s Speed stat.', 134),
(1075, 'Pokémon Box Link', 6, '', 134),
(1076, 'Wishing Star', 6, 'A stone found in the Galar region with a mysterious power. It’s said that your dreams come true if you find one.', 134),
(1077, 'Dynamax Band', 6, '', 134),
(1080, 'Fishing Rod', 6, 'A Fishing Rod made by Captain Lana. Cast a line over piles of underwater rocks to fish for wild aquatic Pokémon.', 250),
(1084, 'Sausages', 4, 'One of the many ingredients that can be used for cooking at your camp. These sausages should be boiled before eating.', 134),
(1085, 'Bob\'s Food Tin', 4, 'One of the many ingredients that can be used for cooking at your camp. The tinned food that Bob sells is curiously popular in Galar.', 134),
(1086, 'Bach\'s Food Tin', 4, 'One of the many ingredients that can be used for cooking at your camp. The tinned food that Bach sells is curiously popular in Galar.', 134),
(1087, 'Tin of Beans', 4, 'One of the many ingredients that can be used for cooking at your camp. When simmered, the beans suffuse a dish with their mild flavor.', 134),
(1088, 'Bread', 4, 'One of the many ingredients that can be used for cooking at your camp. An indispensable tool for mopping up that extra curry left on your plate.', 134),
(1089, 'Pasta', 4, 'One of the many ingredients that can be used for cooking at your camp. These flour noodles make for a surprisingly good match with curry.', 134),
(1090, 'Mixed Mushrooms', 4, 'One of the many ingredients that can be used for cooking at your camp. The chewy texture of the mushrooms transforms any dish they’re added to.', 134),
(1091, 'Smoke-Poke Tail', 4, 'One of the many ingredients that can be used for cooking at your camp. When a Slowpoke’s tail falls off, it grows back quickly.', 134),
(1092, 'Large Leek', 4, 'One of the many ingredients that can be used for cooking at your camp. Whether this is the kind of vegetable stalk that Farfetch’d like is unknown.', 134),
(1093, 'Fancy Apple', 4, 'One of the many ingredients that can be used for cooking at your camp. An apple chosen above others. It has spectacular form and a brilliant sheen.', 134),
(1094, 'Brittle Bones', 4, 'One of the many ingredients that can be used for cooking at your camp. The taste boiled off from the bones is sure to give a dish a light umami taste.', 134),
(1095, 'Pack of Potatoes', 4, 'One of the many ingredients that can be used for cooking at your camp. Potatoes help mellow out a spicy taste, to make a dish more mild.', 134),
(1096, 'Pungent Root', 4, 'One of the many ingredients that can be used for cooking at your camp. Though carelessly picked, these herbs can add a fragrant accent to a dish.', 134),
(1097, 'Salad Mix', 4, 'One of the many ingredients that can be used for cooking at your camp. The assortment of vegetables looks quite appealing and healthy.', 134),
(1098, 'Fried Food', 4, 'One of the many ingredients that can be used for cooking at your camp. It’s been a while since it was fried, so it’s gotten greasy.', 134),
(1099, 'Boiled Egg', 4, 'One of the many ingredients that can be used for cooking at your camp. Even just one boiled egg can really enhance a dish.', 134),
(1100, 'Camping Gear', 6, '', 134),
(1103, 'Rusted Sword', 6, 'It is said that a hero used this sword to halt a terrible disaster in ancient times. But it’s grown rusty and worn.', 134),
(1104, 'Rusted Shield', 6, 'It is said that a hero used this shield to halt a terrible disaster in ancient times. But it’s grown rusty and worn.', 134),
(1105, 'Fossilized Bird', 4, 'The fossil of an ancient Pokémon that once soared through the sky. What it looked like is a mystery.', 134),
(1106, 'Fossilized Fish', 4, 'The fossil of an ancient Pokémon that once lived in the sea. What it looked like is a mystery.', 134),
(1107, 'Fossilized Drake', 4, 'The fossil of an ancient Pokémon that once roamed the land. What it looked like is a mystery.', 134),
(1108, 'Fossilized Dino', 4, 'The fossil of an ancient Pokémon that once lived in the sea. What it looked like is a mystery.', 134),
(1109, 'Strawberry Sweet', 5, 'Evolves Milcery into Strawberry Flavor Alcremie.', 134),
(1110, 'Love Sweet', 5, 'Evolves Milcery into Heart Flavor Alcremie.', 134),
(1111, 'Berry Sweet', 5, 'Evolves Milcery into Blueberry Flavor Alcremie.', 134),
(1112, 'Clover Sweet', 5, 'Evolves Milcery into Clover Flavor Alcremie.', 134),
(1113, 'Flower Sweet', 5, 'Evolves Milcery into Flower Flavor Alcremie.', 134),
(1114, 'Star Sweet', 5, 'Evolves Milcery into Star Flavor Alcremie.', 134),
(1115, 'Ribbon Sweet', 5, 'Evolves Milcery into Ribbon Flavor Alcremie.', 134),
(1116, 'Sweet Apple', 5, 'Evolves Applin into Appletun.', 134),
(1117, 'Tart Apple', 5, 'Evolves Applin into Flapple.', 134),
(1118, 'Throat Spray', 5, 'Raises Sp. Atk when a sound-based move is used.', 134),
(1119, 'Eject Pack', 5, 'The Pokémon switches out if its stats are lowered.', 134),
(1120, 'Heavy-Duty Boots', 5, 'Protects the holder from traps set on the battlefield.', 134),
(1121, 'Blunder Policy', 5, 'Raises Speed sharply if its attack misses.', 134),
(1122, 'Room Service', 5, 'Lowers the Pokémon\'s speed during Trick Room.', 134),
(1123, 'Utility Umbrella', 5, 'An item to be held by a Pokémon. This sturdy umbrella protects the holder from the effects of weather.', 134),
(1124, 'Exp. Candy XS', 2, '', 134),
(1125, 'Exp. Candy S', 2, '', 134),
(1126, 'Exp. Candy M', 2, '', 134),
(1127, 'Exp. Candy L', 2, '', 134),
(1128, 'Exp. Candy XL', 2, 'Increases the Pokémon\'s Exp points by 30,000.', 134),
(1129, 'Dynamax Candy', 2, 'Raises Dynamax Level.', 134),
(1130, 'TR00', 8, 'Teaches the move Swords Dance.', 134),
(1131, 'TR01', 8, '', 134),
(1132, 'TR02', 8, '', 134),
(1133, 'TR03', 8, '', 134),
(1134, 'TR04', 8, '', 134),
(1135, 'TR05', 8, '', 134),
(1136, 'TR06', 8, '', 134),
(1137, 'TR07', 8, '', 134),
(1138, 'TR08', 8, '', 134),
(1139, 'TR09', 8, '', 134),
(1140, 'TR10', 8, '', 134),
(1141, 'TR11', 8, '', 134),
(1142, 'TR12', 8, '', 134),
(1143, 'TR13', 8, '', 134),
(1144, 'TR14', 8, '', 134),
(1145, 'TR15', 8, '', 134),
(1146, 'TR16', 8, '', 134),
(1147, 'TR17', 8, '', 134),
(1148, 'TR18', 8, '', 134),
(1149, 'TR19', 8, '', 134),
(1150, 'TR20', 8, '', 134),
(1151, 'TR21', 8, '', 134),
(1152, 'TR22', 8, '', 134),
(1153, 'TR23', 8, '', 134),
(1154, 'TR24', 8, '', 134),
(1155, 'TR25', 8, '', 134),
(1156, 'TR26', 8, '', 134),
(1157, 'TR27', 8, '', 134),
(1158, 'TR28', 8, '', 134),
(1159, 'TR29', 8, '', 134),
(1160, 'TR30', 8, '', 134),
(1161, 'TR31', 8, '', 134),
(1162, 'TR32', 8, '', 134),
(1163, 'TR33', 8, '', 134),
(1164, 'TR34', 8, '', 134),
(1165, 'TR35', 8, '', 134),
(1166, 'TR36', 8, '', 134),
(1167, 'TR37', 8, '', 134),
(1168, 'TR38', 8, '', 134),
(1169, 'TR39', 8, '', 134),
(1170, 'TR40', 8, '', 134),
(1171, 'TR41', 8, '', 134),
(1172, 'TR42', 8, '', 134),
(1173, 'TR43', 8, '', 134),
(1174, 'TR44', 8, '', 134),
(1175, 'TR45', 8, '', 134),
(1176, 'TR46', 8, '', 134),
(1177, 'TR47', 8, '', 134),
(1178, 'TR48', 8, '', 134),
(1179, 'TR49', 8, '', 134),
(1180, 'TR50', 8, '', 134),
(1181, 'TR51', 8, 'Teaches the move Dragon Dance.', 134),
(1182, 'TR52', 8, '', 134),
(1183, 'TR53', 8, '', 134),
(1184, 'TR54', 8, '', 134),
(1185, 'TR55', 8, '', 134),
(1186, 'TR56', 8, '', 134),
(1187, 'TR57', 8, '', 134),
(1188, 'TR58', 8, '', 134),
(1189, 'TR59', 8, '', 134),
(1190, 'TR60', 8, '', 134),
(1191, 'TR61', 8, '', 134),
(1192, 'TR62', 8, '', 134),
(1193, 'TR63', 8, '', 134),
(1194, 'TR64', 8, '', 134),
(1195, 'TR65', 8, '', 134),
(1196, 'TR66', 8, '', 134),
(1197, 'TR67', 8, '', 134),
(1198, 'TR68', 8, '', 134),
(1199, 'TR69', 8, '', 134),
(1200, 'TR70', 8, '', 134),
(1201, 'TR71', 8, '', 134),
(1202, 'TR72', 8, '', 134),
(1203, 'TR73', 8, '', 134),
(1204, 'TR74', 8, '', 134),
(1205, 'TR75', 8, '', 134),
(1206, 'TR76', 8, '', 134),
(1207, 'TR77', 8, '', 134),
(1208, 'TR78', 8, '', 134),
(1209, 'TR79', 8, '', 134),
(1210, 'TR80', 8, '', 134),
(1211, 'TR81', 8, 'Teaches the move Foul Play.', 134),
(1212, 'TR82', 8, '', 134),
(1213, 'TR83', 8, '', 134),
(1214, 'TR84', 8, 'Teaches the move Scald.', 134),
(1215, 'TR85', 8, '', 134),
(1216, 'TR86', 8, '', 134),
(1217, 'TR87', 8, '', 134),
(1218, 'TR88', 8, '', 134),
(1219, 'TR89', 8, '', 134),
(1220, 'TR90', 8, '', 134),
(1221, 'TR91', 8, '', 134),
(1222, 'TR92', 8, '', 134),
(1223, 'TR93', 8, '', 134),
(1224, 'TR94', 8, '', 134),
(1225, 'TR95', 8, '', 134),
(1227, 'TR97', 8, '', 134),
(1228, 'TR98', 8, '', 134),
(1229, 'TR99', 8, '', 134),
(1230, 'TM00', 8, 'Teaches a move.', 134),
(1231, 'Lonely Mint', 3, 'Changes the Pokémon\'s stats to match the Lonely nature.', 134),
(1232, 'Adamant Mint', 3, 'Changes the Pokémon\'s stats to match the Adamant nature.', 134),
(1233, 'Naughty Mint', 3, 'Changes the Pokémon\'s stats to match the Naughty nature.', 134),
(1234, 'Brave Mint', 3, 'Changes the Pokémon\'s stats to match the Brave nature.', 134),
(1235, 'Bold Mint', 3, 'Changes the Pokémon\'s stats to match the Bold nature.', 134),
(1236, 'Impish Mint', 3, 'Changes the Pokémon\'s stats to match the Impish nature.', 134),
(1237, 'Lax Mint', 3, 'Changes the Pokémon\'s stats to match the Lax nature.', 134),
(1238, 'Relaxed Mint', 3, 'Changes the Pokémon\'s stats to match the Relaxed nature.', 134),
(1239, 'Modest Mint', 3, 'Changes the Pokémon\'s stats to match the Modest nature.', 134),
(1240, 'Mild Mint', 3, 'Changes the Pokémon\'s stats to match the Mild nature.', 134),
(1241, 'Rash Mint', 3, 'Changes the Pokémon\'s stats to match the Rash nature.', 134),
(1242, 'Quiet Mint', 3, 'Changes the Pokémon\'s stats to match the Quiet nature.', 134),
(1243, 'Calm Mint', 3, 'Changes the Pokémon\'s stats to match the Calm nature.', 134),
(1244, 'Gentle Mint', 3, 'Changes the Pokémon\'s stats to match the Gentle nature.', 134),
(1245, 'Careful Mint', 3, 'Changes the Pokémon\'s stats to match the Careful nature.', 134),
(1246, 'Sassy Mint', 3, 'Changes the Pokémon\'s stats to match the Sassy nature.', 134),
(1247, 'Timid Mint', 3, 'Changes the Pokémon\'s stats to match the Timid nature.', 134),
(1248, 'Hasty Mint', 3, 'Changes the Pokémon\'s stats to match the Hasty nature.', 134),
(1249, 'Jolly Mint', 3, 'Changes the Pokémon\'s stats to match the Jolly nature.', 134),
(1250, 'Naive Mint', 3, 'Changes the Pokémon\'s stats to match the Naive nature.', 134),
(1251, 'Serious Mint', 3, 'Changes the Pokémon\'s stats to match a neutral nature.', 134),
(1252, 'Wishing Piece', 4, 'Activates a Pokémon Den for a Max Raid Battle.', 134),
(1253, 'Cracked Pot', 5, 'Evolves Sinistea into Polteageist.', 134),
(1254, 'Chipped Pot', 5, 'Evolves Sinistea into Polteageist.', 134),
(1255, 'Hi-tech Earbuds', 5, 'Strange earbuds that allow you to freely control the volume of various sounds.', 134),
(1256, 'Fruit Bunch', 4, 'One of the many ingredients that can be used for cooking at your camp. The syrupy fruits give off a strong tropical feel.', 134),
(1257, 'Moomoo Cheese', 4, 'One of the many ingredients that can be used for cooking at your camp. Melted cheese can really give a curry some richness.', 134),
(1258, 'Spice Mix', 4, 'One of the many ingredients that can be used for cooking at your camp. There are over fifty spices contained within this ingredient’s hot flavor.', 134),
(1259, 'Fresh Cream', 4, 'One of the many ingredients that can be used for cooking at your camp. Add some whipped cream to a spicy curry to give it some sweetness.', 134),
(1260, 'Packaged Curry', 4, 'One of the many ingredients that can be used for cooking at your camp. Using packaged curry helps make sure there are no slipups when cooking.', 134),
(1261, 'Coconut Milk', 4, 'One of the many ingredients that can be used for cooking at your camp. The refined sweetness of this coconut milk makes it quite popular.', 134),
(1262, 'Instant Noodles', 4, 'One of the many ingredients that can be used for cooking at your camp. It has a junk-food sort of taste, but it goes well with curry.', 134),
(1263, 'Precooked Burger', 4, 'One of the many ingredients that can be used for cooking at your camp. If you’re unsure about what to cook, you can’t go wrong with some burger.', 134),
(1264, 'Gigantamix', 4, 'One of the many ingredients that can be used for cooking at your camp. A mysterious spice. Even a tiny sprinkle is sure to make a curry gigantic.', 134),
(1265, 'Wishing Chip', 6, 'Toss a number of them into a Pokémon Den for the chance to attract a wild Dynamax Pokémon.', 134),
(1266, 'Rotom Bike', 6, 'This bike can be combined with the Pokémon Rotom to not only do a turbo boost but also run on the water.', 134),
(1267, 'Catching Charm', 6, 'Holding it is said to increase the chance of getting a critical catch. Curiously, the charm doesn’t shake much.', 134),
(1269, 'Old Letter', 6, 'A letter entrusted to you by a girl, to be delivered to a boy. Strangely, it looks old to you.', 134),
(1270, 'Band Autograph', 6, 'It’s signed by all members of the Galar region’s most charismatic band, the Maximizers.', 134),
(1271, 'Sonia\'s Book', 6, 'Professor Sonia’s published writings. Her new discoveries about the Galar region’s legends are recorded in this enjoyable read.', 134),
(1278, 'Rotom Catalog', 6, 'A catalog of devices that Rotom like. Use the catalog to have Rotom hop in and out of the various devices listed within.', 134);

-- --------------------------------------------------------

--
-- Structure de la table `items_users`
--

CREATE TABLE `items_users` (
  `id` int(11) NOT NULL,
  `id_user` int(11) NOT NULL,
  `id_item` int(11) NOT NULL,
  `value` int(11) NOT NULL
) ENGINE=InnoDB DEFAULT CHARSET=utf8mb4;

--
-- Déchargement des données de la table `items_users`
--

INSERT INTO `items_users` (`id`, `id_user`, `id_item`, `value`) VALUES
(1, 1, 4, 20),
(2, 1, 2, 12),
(3, 1, 50, 9),
(4, 1, 505, 30),
(5, 1, 12, 4),
(6, 1, 60, 7),
(7, 1, 155, 1);

-- --------------------------------------------------------

--
-- Structure de la table `item_type`
--

CREATE TABLE `item_type` (
  `id` tinyint(4) NOT NULL,
  `name` varchar(25) NOT NULL
) ENGINE=InnoDB DEFAULT CHARSET=utf8mb4;

--
-- Déchargement des données de la table `item_type`
--

INSERT INTO `item_type` (`id`, `name`) VALUES
(0, 'none'),
(1, 'Pokeballs'),
(2, 'Medicine'),
(3, 'Battle items'),
(4, 'General items'),
(5, 'Hold items'),
(6, 'Key Items'),
(7, 'Berries'),
(8, 'Machines');

-- --------------------------------------------------------

--
-- Structure de la table `users`
--

CREATE TABLE `users` (
  `id` int(11) NOT NULL,
  `username` varchar(55) NOT NULL,
  `password` varchar(55) NOT NULL,
  `token` varchar(255) NOT NULL,
  `x` int(11) NOT NULL DEFAULT 14,
  `y` int(11) NOT NULL DEFAULT 30,
  `rotation` tinyint(4) NOT NULL DEFAULT 1,
  `world` tinyint(4) NOT NULL DEFAULT 0,
  `gender` tinyint(1) NOT NULL DEFAULT 0
) ENGINE=InnoDB DEFAULT CHARSET=utf8mb4;

--
-- Déchargement des données de la table `users`
--

INSERT INTO `users` (`id`, `username`, `password`, `token`, `x`, `y`, `rotation`, `world`, `gender`) VALUES
(1, 'gigatug6', 'gigatug6', 'xVsrJnyC0a9-bImUskYa7A2v4J-BRd_ps-f2JEwja5c', 14, 28, 1, 0, 1),
(2, 'test', 'test', '_7Rvy5Wcka9bIHawa8s3foAP7GW95r0PbxDyqJOr5_w', 14, 28, 1, 0, 0),
(3, 'cttcool', 'cttcool', 'm_IkrGVAAb0xUXuMLoxlQGfraNpEr99u91oNIBo6vhw', 14, 30, 1, 0, 0),
(4, 'poney', 'poney', 'Zx_oodb2o2cNFdeZGD8cMn63FEBcxXcXY_p6k2z9SlM', 14, 28, 1, 0, 1),
(5, 'apljus', 'apljus', 'uXnxmtXKfrJlrg57pc0fl6yvDThuJAWQlm0EtpNeT9g', 14, 28, 1, 0, 0),
(6, 'joto_', 'joto_', 'xupO6JtiFS1ep6HSQ88se3a3m9yOWo-Tm1G1A0261NI', 14, 28, 1, 0, 1),
(7, 'apesoffthetrees', 'apesoffthetrees', 'NRMdPC2v7-gj3rBcQwwBVQuKoTeZbQaLBFj-25_i_7k', 14, 30, 1, 0, 0),
(8, 'drai', 'drai', 'drai', 14, 30, 1, 0, 0);

--
-- Index pour les tables déchargées
--

--
-- Index pour la table `items`
--
ALTER TABLE `items`
  ADD PRIMARY KEY (`id`),
  ADD KEY `items_type` (`type`);

--
-- Index pour la table `items_users`
--
ALTER TABLE `items_users`
  ADD PRIMARY KEY (`id`),
  ADD KEY `items_users_id_user` (`id_user`),
  ADD KEY `items_users_id_item` (`id_item`);

--
-- Index pour la table `item_type`
--
ALTER TABLE `item_type`
  ADD PRIMARY KEY (`id`);

--
-- Index pour la table `users`
--
ALTER TABLE `users`
  ADD PRIMARY KEY (`id`,`token`);

--
-- AUTO_INCREMENT pour les tables déchargées
--

--
-- AUTO_INCREMENT pour la table `items_users`
--
ALTER TABLE `items_users`
  MODIFY `id` int(11) NOT NULL AUTO_INCREMENT, AUTO_INCREMENT=8;

--
-- AUTO_INCREMENT pour la table `item_type`
--
ALTER TABLE `item_type`
  MODIFY `id` tinyint(4) NOT NULL AUTO_INCREMENT, AUTO_INCREMENT=9;

--
-- AUTO_INCREMENT pour la table `users`
--
ALTER TABLE `users`
  MODIFY `id` int(11) NOT NULL AUTO_INCREMENT, AUTO_INCREMENT=9;

--
-- Contraintes pour les tables déchargées
--

--
-- Contraintes pour la table `items`
--
ALTER TABLE `items`
  ADD CONSTRAINT `items_type` FOREIGN KEY (`type`) REFERENCES `item_type` (`id`);

--
-- Contraintes pour la table `items_users`
--
ALTER TABLE `items_users`
  ADD CONSTRAINT `items_users_id_item` FOREIGN KEY (`id_item`) REFERENCES `items` (`id`),
  ADD CONSTRAINT `items_users_id_user` FOREIGN KEY (`id_user`) REFERENCES `users` (`id`) ON DELETE CASCADE ON UPDATE CASCADE;
COMMIT;

/*!40101 SET CHARACTER_SET_CLIENT=@OLD_CHARACTER_SET_CLIENT */;
/*!40101 SET CHARACTER_SET_RESULTS=@OLD_CHARACTER_SET_RESULTS */;
/*!40101 SET COLLATION_CONNECTION=@OLD_COLLATION_CONNECTION */;
